x,z,reachable,best_pitch_deg,best_yaw_deg,reason
-0.3,0.05,0,,,no_ik_solution
-0.3,0.07,0,,,no_ik_solution
-0.3,0.09,1,0,90,
-0.3,0.11,1,0,60,
-0.3,0.13,1,0,30,
-0.3,0.15,1,0,30,
-0.3,0.17,1,0,30,
-0.3,0.19,1,0,30,
-0.3,0.21,1,0,30,
-0.3,0.23,1,0,30,
-0.3,0.25,1,0,30,
-0.3,0.27,1,0,30,
-0.3,0.29,1,0,30,
-0.3,0.31,1,0,60,
-0.3,0.33,1,0,60,
-0.3,0.35,1,0,60,
-0.3,0.37,1,0,0,
-0.3,0.39,1,0,0,
-0.3,0.41,1,0,0,
-0.3,0.43,1,0,0,
-0.3,0.45,1,0,0,
-0.3,0.47,1,0,0,
-0.3,0.49,1,5,0,
-0.3,0.51,0,,,no_ik_solution
-0.3,0.53,0,,,no_ik_solution
-0.3,0.55,0,,,no_ik_solution
-0.3,0.57,0,,,no_ik_solution
-0.3,0.59,0,,,no_ik_solution
-0.3,0.61,0,,,no_ik_solution
-0.3,0.63,0,,,no_ik_solution
-0.3,0.65,0,,,no_ik_solution
-0.3,0.67,0,,,no_ik_solution
-0.3,0.69,0,,,no_ik_solution
-0.3,0.71,0,,,no_ik_solution
-0.3,0.73,0,,,no_ik_solution
-0.3,0.75,0,,,no_ik_solution
-0.3,0.77,0,,,no_ik_solution
-0.3,0.79,0,,,no_ik_solution
-0.3,0.81,0,,,no_ik_solution
-0.3,0.83,0,,,no_ik_solution
-0.3,0.85,0,,,no_ik_solution
-0.3,0.87,0,,,no_ik_solution
-0.3,0.89,0,,,no_ik_solution
-0.3,0.91,0,,,no_ik_solution
-0.3,0.93,0,,,no_ik_solution
-0.3,0.95,0,,,no_ik_solution
-0.28,0.05,0,,,no_ik_solution
-0.28,0.07,0,,,no_ik_solution
-0.28,0.09,1,0,90,
-0.28,0.11,1,0,60,
-0.28,0.13,1,0,0,
-0.28,0.15,1,0,30,
-0.28,0.17,1,0,30,
-0.28,0.19,1,0,30,
-0.28,0.21,1,0,30,
-0.28,0.23,1,0,30,
-0.28,0.25,1,0,30,
-0.28,0.27,1,0,30,
-0.28,0.29,1,0,30,
-0.28,0.31,1,0,30,
-0.28,0.33,1,0,60,
-0.28,0.35,1,0,60,
-0.28,0.37,1,0,60,
-0.28,0.39,1,0,0,
-0.28,0.41,1,0,0,
-0.28,0.43,1,0,0,
-0.28,0.45,1,0,0,
-0.28,0.47,1,0,0,
-0.28,0.49,1,0,0,
-0.28,0.51,1,5,-30,
-0.28,0.53,0,,,no_ik_solution
-0.28,0.55,0,,,no_ik_solution
-0.28,0.57,0,,,no_ik_solution
-0.28,0.59,0,,,no_ik_solution
-0.28,0.61,0,,,no_ik_solution
-0.28,0.63,0,,,no_ik_solution
-0.28,0.65,0,,,no_ik_solution
-0.28,0.67,0,,,no_ik_solution
-0.28,0.69,0,,,no_ik_solution
-0.28,0.71,0,,,no_ik_solution
-0.28,0.73,0,,,no_ik_solution
-0.28,0.75,0,,,no_ik_solution
-0.28,0.77,0,,,no_ik_solution
-0.28,0.79,0,,,no_ik_solution
-0.28,0.81,0,,,no_ik_solution
-0.28,0.83,0,,,no_ik_solution
-0.28,0.85,0,,,no_ik_solution
-0.28,0.87,0,,,no_ik_solution
-0.28,0.89,0,,,no_ik_solution
-0.28,0.91,0,,,no_ik_solution
-0.28,0.93,0,,,no_ik_solution
-0.28,0.95,0,,,no_ik_solution
-0.26,0.05,0,,,no_ik_solution
-0.26,0.07,0,,,no_ik_solution
-0.26,0.09,1,0,90,
-0.26,0.11,1,0,60,
-0.26,0.13,1,0,0,
-0.26,0.15,1,0,0,
-0.26,0.17,1,0,0,
-0.26,0.19,1,0,30,
-0.26,0.21,1,0,30,
-0.26,0.23,1,0,30,
-0.26,0.25,1,0,30,
-0.26,0.27,1,0,30,
-0.26,0.29,1,0,30,
-0.26,0.31,1,0,30,
-0.26,0.33,1,0,30,
-0.26,0.35,1,0,60,
-0.26,0.37,1,0,60,
-0.26,0.39,1,0,60,
-0.26,0.41,1,0,0,
-0.26,0.43,1,0,0,
-0.26,0.45,1,0,0,
-0.26,0.47,1,0,0,
-0.26,0.49,1,0,0,
-0.26,0.51,1,0,0,
-0.26,0.53,1,10,0,
-0.26,0.55,0,,,no_ik_solution
-0.26,0.57,0,,,no_ik_solution
-0.26,0.59,0,,,no_ik_solution
-0.26,0.61,0,,,no_ik_solution
-0.26,0.63,0,,,no_ik_solution
-0.26,0.65,0,,,no_ik_solution
-0.26,0.67,0,,,no_ik_solution
-0.26,0.69,0,,,no_ik_solution
-0.26,0.71,0,,,no_ik_solution
-0.26,0.73,0,,,no_ik_solution
-0.26,0.75,0,,,no_ik_solution
-0.26,0.77,0,,,no_ik_solution
-0.26,0.79,0,,,no_ik_solution
-0.26,0.81,0,,,no_ik_solution
-0.26,0.83,0,,,no_ik_solution
-0.26,0.85,0,,,no_ik_solution
-0.26,0.87,0,,,no_ik_solution
-0.26,0.89,0,,,no_ik_solution
-0.26,0.91,0,,,no_ik_solution
-0.26,0.93,0,,,no_ik_solution
-0.26,0.95,0,,,no_ik_solution
-0.24,0.05,0,,,no_ik_solution
-0.24,0.07,0,,,no_ik_solution
-0.24,0.09,1,0,90,
-0.24,0.11,1,0,60,
-0.24,0.13,1,0,0,
-0.24,0.15,1,0,0,
-0.24,0.17,1,0,0,
-0.24,0.19,1,0,0,
-0.24,0.21,1,0,30,
-0.24,0.23,1,0,30,
-0.24,0.25,1,0,30,
-0.24,0.27,1,0,30,
-0.24,0.29,1,0,30,
-0.24,0.31,1,0,30,
-0.24,0.33,1,0,30,
-0.24,0.35,1,0,30,
-0.24,0.37,1,0,60,
-0.24,0.39,1,0,60,
-0.24,0.41,1,0,0,
-0.24,0.43,1,0,0,
-0.24,0.45,1,0,0,
-0.24,0.47,1,0,0,
-0.24,0.49,1,0,0,
-0.24,0.51,1,0,0,
-0.24,0.53,1,0,0,
-0.24,0.55,0,,,no_ik_solution
-0.24,0.57,0,,,no_ik_solution
-0.24,0.59,0,,,no_ik_solution
-0.24,0.61,0,,,no_ik_solution
-0.24,0.63,0,,,no_ik_solution
-0.24,0.65,0,,,no_ik_solution
-0.24,0.67,0,,,no_ik_solution
-0.24,0.69,0,,,no_ik_solution
-0.24,0.71,0,,,no_ik_solution
-0.24,0.73,0,,,no_ik_solution
-0.24,0.75,0,,,no_ik_solution
-0.24,0.77,0,,,no_ik_solution
-0.24,0.79,0,,,no_ik_solution
-0.24,0.81,0,,,no_ik_solution
-0.24,0.83,0,,,no_ik_solution
-0.24,0.85,0,,,no_ik_solution
-0.24,0.87,0,,,no_ik_solution
-0.24,0.89,0,,,no_ik_solution
-0.24,0.91,0,,,no_ik_solution
-0.24,0.93,0,,,no_ik_solution
-0.24,0.95,0,,,no_ik_solution
-0.22,0.05,0,,,no_ik_solution
-0.22,0.07,0,,,no_ik_solution
-0.22,0.09,1,0,90,
-0.22,0.11,1,0,60,
-0.22,0.13,1,0,0,
-0.22,0.15,1,0,0,
-0.22,0.17,1,0,0,
-0.22,0.19,1,0,0,
-0.22,0.21,1,0,0,
-0.22,0.23,1,0,30,
-0.22,0.25,1,0,30,
-0.22,0.27,1,0,30,
-0.22,0.29,1,0,30,
-0.22,0.31,1,0,30,
-0.22,0.33,1,0,30,
-0.22,0.35,1,0,30,
-0.22,0.37,1,0,60,
-0.22,0.39,1,0,60,
-0.22,0.41,1,0,60,
-0.22,0.43,1,0,0,
-0.22,0.45,1,0,0,
-0.22,0.47,1,0,0,
-0.22,0.49,1,0,0,
-0.22,0.51,1,0,0,
-0.22,0.53,1,0,0,
-0.22,0.55,1,5,0,
-0.22,0.57,0,,,no_ik_solution
-0.22,0.59,0,,,no_ik_solution
-0.22,0.61,0,,,no_ik_solution
-0.22,0.63,0,,,no_ik_solution
-0.22,0.65,0,,,no_ik_solution
-0.22,0.67,0,,,no_ik_solution
-0.22,0.69,0,,,no_ik_solution
-0.22,0.71,0,,,no_ik_solution
-0.22,0.73,0,,,no_ik_solution
-0.22,0.75,0,,,no_ik_solution
-0.22,0.77,0,,,no_ik_solution
-0.22,0.79,0,,,no_ik_solution
-0.22,0.81,0,,,no_ik_solution
-0.22,0.83,0,,,no_ik_solution
-0.22,0.85,0,,,no_ik_solution
-0.22,0.87,0,,,no_ik_solution
-0.22,0.89,0,,,no_ik_solution
-0.22,0.91,0,,,no_ik_solution
-0.22,0.93,0,,,no_ik_solution
-0.22,0.95,0,,,no_ik_solution
-0.2,0.05,0,,,no_ik_solution
-0.2,0.07,0,,,no_ik_solution
-0.2,0.09,1,0,90,
-0.2,0.11,1,0,60,
-0.2,0.13,1,0,0,
-0.2,0.15,1,0,0,
-0.2,0.17,1,0,0,
-0.2,0.19,1,0,0,
-0.2,0.21,1,0,0,
-0.2,0.23,1,0,0,
-0.2,0.25,1,0,30,
-0.2,0.27,1,0,30,
-0.2,0.29,1,0,30,
-0.2,0.31,1,0,30,
-0.2,0.33,1,0,30,
-0.2,0.35,1,0,30,
-0.2,0.37,1,0,30,
-0.2,0.39,1,0,60,
-0.2,0.41,1,0,60,
-0.2,0.43,1,0,0,
-0.2,0.45,1,0,0,
-0.2,0.47,1,0,0,
-0.2,0.49,1,0,0,
-0.2,0.51,1,0,0,
-0.2,0.53,1,0,0,
-0.2,0.55,1,0,0,
-0.2,0.57,1,10,0,
-0.2,0.59,0,,,no_ik_solution
-0.2,0.61,0,,,no_ik_solution
-0.2,0.63,0,,,no_ik_solution
-0.2,0.65,0,,,no_ik_solution
-0.2,0.67,0,,,no_ik_solution
-0.2,0.69,0,,,no_ik_solution
-0.2,0.71,0,,,no_ik_solution
-0.2,0.73,0,,,no_ik_solution
-0.2,0.75,0,,,no_ik_solution
-0.2,0.77,0,,,no_ik_solution
-0.2,0.79,0,,,no_ik_solution
-0.2,0.81,0,,,no_ik_solution
-0.2,0.83,0,,,no_ik_solution
-0.2,0.85,0,,,no_ik_solution
-0.2,0.87,0,,,no_ik_solution
-0.2,0.89,0,,,no_ik_solution
-0.2,0.91,0,,,no_ik_solution
-0.2,0.93,0,,,no_ik_solution
-0.2,0.95,0,,,no_ik_solution
-0.18,0.05,0,,,no_ik_solution
-0.18,0.07,0,,,no_ik_solution
-0.18,0.09,1,-5,90,
-0.18,0.11,1,0,60,
-0.18,0.13,1,0,0,
-0.18,0.15,1,0,0,
-0.18,0.17,1,0,0,
-0.18,0.19,1,0,0,
-0.18,0.21,1,0,0,
-0.18,0.23,1,0,0,
-0.18,0.25,1,0,0,
-0.18,0.27,1,0,30,
-0.18,0.29,1,0,30,
-0.18,0.31,1,0,30,
-0.18,0.33,1,0,30,
-0.18,0.35,1,0,30,
-0.18,0.37,1,0,30,
-0.18,0.39,1,0,60,
-0.18,0.41,1,0,60,
-0.18,0.43,1,0,60,
-0.18,0.45,1,0,0,
-0.18,0.47,1,0,0,
-0.18,0.49,1,0,0,
-0.18,0.51,1,0,0,
-0.18,0.53,1,0,0,
-0.18,0.55,1,0,0,
-0.18,0.57,1,5,0,
-0.18,0.59,0,,,no_ik_solution
-0.18,0.61,0,,,no_ik_solution
-0.18,0.63,0,,,no_ik_solution
-0.18,0.65,0,,,no_ik_solution
-0.18,0.67,0,,,no_ik_solution
-0.18,0.69,0,,,no_ik_solution
-0.18,0.71,0,,,no_ik_solution
-0.18,0.73,0,,,no_ik_solution
-0.18,0.75,0,,,no_ik_solution
-0.18,0.77,0,,,no_ik_solution
-0.18,0.79,0,,,no_ik_solution
-0.18,0.81,0,,,no_ik_solution
-0.18,0.83,0,,,no_ik_solution
-0.18,0.85,0,,,no_ik_solution
-0.18,0.87,0,,,no_ik_solution
-0.18,0.89,0,,,no_ik_solution
-0.18,0.91,0,,,no_ik_solution
-0.18,0.93,0,,,no_ik_solution
-0.18,0.95,0,,,no_ik_solution
-0.16,0.05,0,,,no_ik_solution
-0.16,0.07,0,,,no_ik_solution
-0.16,0.09,1,-5,90,
-0.16,0.11,1,0,60,
-0.16,0.13,1,0,0,
-0.16,0.15,1,0,0,
-0.16,0.17,1,0,0,
-0.16,0.19,1,0,0,
-0.16,0.21,1,0,0,
-0.16,0.23,1,0,0,
-0.16,0.25,1,0,0,
-0.16,0.27,1,0,0,
-0.16,0.29,1,0,30,
-0.16,0.31,1,0,30,
-0.16,0.33,1,0,30,
-0.16,0.35,1,0,30,
-0.16,0.37,1,0,30,
-0.16,0.39,1,0,30,
-0.16,0.41,1,0,60,
-0.16,0.43,1,0,60,
-0.16,0.45,1,0,0,
-0.16,0.47,1,0,0,
-0.16,0.49,1,0,0,
-0.16,0.51,1,0,0,
-0.16,0.53,1,0,0,
-0.16,0.55,1,0,0,
-0.16,0.57,1,0,0,
-0.16,0.59,0,,,no_ik_solution
-0.16,0.61,0,,,no_ik_solution
-0.16,0.63,0,,,no_ik_solution
-0.16,0.65,0,,,no_ik_solution
-0.16,0.67,0,,,no_ik_solution
-0.16,0.69,0,,,no_ik_solution
-0.16,0.71,0,,,no_ik_solution
-0.16,0.73,0,,,no_ik_solution
-0.16,0.75,0,,,no_ik_solution
-0.16,0.77,0,,,no_ik_solution
-0.16,0.79,0,,,no_ik_solution
-0.16,0.81,0,,,no_ik_solution
-0.16,0.83,0,,,no_ik_solution
-0.16,0.85,0,,,no_ik_solution
-0.16,0.87,0,,,no_ik_solution
-0.16,0.89,0,,,no_ik_solution
-0.16,0.91,0,,,no_ik_solution
-0.16,0.93,0,,,no_ik_solution
-0.16,0.95,0,,,no_ik_solution
-0.14,0.05,0,,,no_ik_solution
-0.14,0.07,0,,,no_ik_solution
-0.14,0.09,1,-5,90,
-0.14,0.11,1,-5,60,
-0.14,0.13,1,0,0,
-0.14,0.15,1,0,0,
-0.14,0.17,1,0,0,
-0.14,0.19,1,0,0,
-0.14,0.21,1,0,0,
-0.14,0.23,1,0,0,
-0.14,0.25,1,0,0,
-0.14,0.27,1,0,0,
-0.14,0.29,1,0,0,
-0.14,0.31,1,0,30,
-0.14,0.33,1,0,30,
-0.14,0.35,1,0,30,
-0.14,0.37,1,0,30,
-0.14,0.39,1,0,30,
-0.14,0.41,1,0,60,
-0.14,0.43,1,0,60,
-0.14,0.45,1,0,0,
-0.14,0.47,1,0,0,
-0.14,0.49,1,0,0,
-0.14,0.51,1,0,0,
-0.14,0.53,1,0,0,
-0.14,0.55,1,0,0,
-0.14,0.57,1,0,0,
-0.14,0.59,1,10,0,
-0.14,0.61,0,,,no_ik_solution
-0.14,0.63,0,,,no_ik_solution
-0.14,0.65,0,,,no_ik_solution
-0.14,0.67,0,,,no_ik_solution
-0.14,0.69,0,,,no_ik_solution
-0.14,0.71,0,,,no_ik_solution
-0.14,0.73,0,,,no_ik_solution
-0.14,0.75,0,,,no_ik_solution
-0.14,0.77,0,,,no_ik_solution
-0.14,0.79,0,,,no_ik_solution
-0.14,0.81,0,,,no_ik_solution
-0.14,0.83,0,,,no_ik_solution
-0.14,0.85,0,,,no_ik_solution
-0.14,0.87,0,,,no_ik_solution
-0.14,0.89,0,,,no_ik_solution
-0.14,0.91,0,,,no_ik_solution
-0.14,0.93,0,,,no_ik_solution
-0.14,0.95,0,,,no_ik_solution
-0.12,0.05,0,,,no_ik_solution
-0.12,0.07,0,,,no_ik_solution
-0.12,0.09,1,-5,90,
-0.12,0.11,1,-5,60,
-0.12,0.13,1,0,0,
-0.12,0.15,1,0,0,
-0.12,0.17,1,0,0,
-0.12,0.19,1,0,0,
-0.12,0.21,1,0,0,
-0.12,0.23,1,0,0,
-0.12,0.25,1,0,0,
-0.12,0.27,1,0,0,
-0.12,0.29,1,0,0,
-0.12,0.31,1,0,0,
-0.12,0.33,1,0,30,
-0.12,0.35,1,0,30,
-0.12,0.37,1,0,30,
-0.12,0.39,1,0,30,
-0.12,0.41,1,0,30,
-0.12,0.43,1,0,60,
-0.12,0.45,1,0,0,
-0.12,0.47,1,0,0,
-0.12,0.49,1,0,0,
-0.12,0.51,1,0,0,
-0.12,0.53,1,0,0,
-0.12,0.55,1,0,0,
-0.12,0.57,1,0,0,
-0.12,0.59,1,5,0,
-0.12,0.61,0,,,no_ik_solution
-0.12,0.63,0,,,no_ik_solution
-0.12,0.65,0,,,no_ik_solution
-0.12,0.67,0,,,no_ik_solution
-0.12,0.69,0,,,no_ik_solution
-0.12,0.71,0,,,no_ik_solution
-0.12,0.73,0,,,no_ik_solution
-0.12,0.75,0,,,no_ik_solution
-0.12,0.77,0,,,no_ik_solution
-0.12,0.79,0,,,no_ik_solution
-0.12,0.81,0,,,no_ik_solution
-0.12,0.83,0,,,no_ik_solution
-0.12,0.85,0,,,no_ik_solution
-0.12,0.87,0,,,no_ik_solution
-0.12,0.89,0,,,no_ik_solution
-0.12,0.91,0,,,no_ik_solution
-0.12,0.93,0,,,no_ik_solution
-0.12,0.95,0,,,no_ik_solution
-0.1,0.05,0,,,no_ik_solution
-0.1,0.07,0,,,no_ik_solution
-0.1,0.09,1,-5,90,
-0.1,0.11,1,-5,60,
-0.1,0.13,1,0,0,
-0.1,0.15,1,0,0,
-0.1,0.17,1,0,0,
-0.1,0.19,1,0,0,
-0.1,0.21,1,0,0,
-0.1,0.23,1,0,0,
-0.1,0.25,1,0,0,
-0.1,0.27,1,0,0,
-0.1,0.29,1,0,0,
-0.1,0.31,1,0,0,
-0.1,0.33,1,0,0,
-0.1,0.35,1,0,30,
-0.1,0.37,1,0,30,
-0.1,0.39,1,0,30,
-0.1,0.41,1,0,30,
-0.1,0.43,1,0,60,
-0.1,0.45,1,0,60,
-0.1,0.47,1,0,0,
-0.1,0.49,1,0,0,
-0.1,0.51,1,0,0,
-0.1,0.53,1,0,0,
-0.1,0.55,1,0,0,
-0.1,0.57,1,0,0,
-0.1,0.59,1,0,0,
-0.1,0.61,0,,,no_ik_solution
-0.1,0.63,0,,,no_ik_solution
-0.1,0.65,0,,,no_ik_solution
-0.1,0.67,0,,,no_ik_solution
-0.1,0.69,0,,,no_ik_solution
-0.1,0.71,0,,,no_ik_solution
-0.1,0.73,0,,,no_ik_solution
-0.1,0.75,0,,,no_ik_solution
-0.1,0.77,0,,,no_ik_solution
-0.1,0.79,0,,,no_ik_solution
-0.1,0.81,0,,,no_ik_solution
-0.1,0.83,0,,,no_ik_solution
-0.1,0.85,0,,,no_ik_solution
-0.1,0.87,0,,,no_ik_solution
-0.1,0.89,0,,,no_ik_solution
-0.1,0.91,0,,,no_ik_solution
-0.1,0.93,0,,,no_ik_solution
-0.1,0.95,0,,,no_ik_solution
-0.08,0.05,0,,,no_ik_solution
-0.08,0.07,0,,,no_ik_solution
-0.08,0.09,1,-5,90,
-0.08,0.11,1,-5,60,
-0.08,0.13,1,0,0,
-0.08,0.15,1,0,0,
-0.08,0.17,1,0,0,
-0.08,0.19,1,0,0,
-0.08,0.21,1,0,0,
-0.08,0.23,1,0,0,
-0.08,0.25,1,0,0,
-0.08,0.27,1,0,0,
-0.08,0.29,1,0,0,
-0.08,0.31,1,0,0,
-0.08,0.33,1,0,0,
-0.08,0.35,1,0,0,
-0.08,0.37,1,0,30,
-0.08,0.39,1,0,30,
-0.08,0.41,1,0,30,
-0.08,0.43,1,0,30,
-0.08,0.45,1,0,60,
-0.08,0.47,1,0,0,
-0.08,0.49,1,0,0,
-0.08,0.51,1,0,0,
-0.08,0.53,1,0,0,
-0.08,0.55,1,0,0,
-0.08,0.57,1,0,0,
-0.08,0.59,1,0,0,
-0.08,0.61,1,10,0,
-0.08,0.63,0,,,no_ik_solution
-0.08,0.65,0,,,no_ik_solution
-0.08,0.67,0,,,no_ik_solution
-0.08,0.69,0,,,no_ik_solution
-0.08,0.71,0,,,no_ik_solution
-0.08,0.73,0,,,no_ik_solution
-0.08,0.75,0,,,no_ik_solution
-0.08,0.77,0,,,no_ik_solution
-0.08,0.79,0,,,no_ik_solution
-0.08,0.81,0,,,no_ik_solution
-0.08,0.83,0,,,no_ik_solution
-0.08,0.85,0,,,no_ik_solution
-0.08,0.87,0,,,no_ik_solution
-0.08,0.89,0,,,no_ik_solution
-0.08,0.91,0,,,no_ik_solution
-0.08,0.93,0,,,no_ik_solution
-0.08,0.95,0,,,no_ik_solution
-0.06,0.05,0,,,no_ik_solution
-0.06,0.07,0,,,no_ik_solution
-0.06,0.09,1,-5,90,
-0.06,0.11,1,-5,90,
-0.06,0.13,1,-5,0,
-0.06,0.15,1,0,0,
-0.06,0.17,1,0,0,
-0.06,0.19,1,0,0,
-0.06,0.21,1,0,0,
-0.06,0.23,1,0,0,
-0.06,0.25,1,0,0,
-0.06,0.27,1,0,0,
-0.06,0.29,1,0,0,
-0.06,0.31,1,0,0,
-0.06,0.33,1,0,0,
-0.06,0.35,1,0,0,
-0.06,0.37,1,0,0,
-0.06,0.39,1,0,0,
-0.06,0.41,1,0,30,
-0.06,0.43,1,0,30,
-0.06,0.45,1,0,60,
-0.06,0.47,1,0,0,
-0.06,0.49,1,0,0,
-0.06,0.51,1,0,0,
-0.06,0.53,1,0,0,
-0.06,0.55,1,0,0,
-0.06,0.57,1,0,0,
-0.06,0.59,1,0,0,
-0.06,0.61,1,10,0,
-0.06,0.63,0,,,no_ik_solution
-0.06,0.65,0,,,no_ik_solution
-0.06,0.67,0,,,no_ik_solution
-0.06,0.69,0,,,no_ik_solution
-0.06,0.71,0,,,no_ik_solution
-0.06,0.73,0,,,no_ik_solution
-0.06,0.75,0,,,no_ik_solution
-0.06,0.77,0,,,no_ik_solution
-0.06,0.79,0,,,no_ik_solution
-0.06,0.81,0,,,no_ik_solution
-0.06,0.83,0,,,no_ik_solution
-0.06,0.85,0,,,no_ik_solution
-0.06,0.87,0,,,no_ik_solution
-0.06,0.89,0,,,no_ik_solution
-0.06,0.91,0,,,no_ik_solution
-0.06,0.93,0,,,no_ik_solution
-0.06,0.95,0,,,no_ik_solution
-0.04,0.05,0,,,no_ik_solution
-0.04,0.07,0,,,no_ik_solution
-0.04,0.09,0,,,no_ik_solution
-0.04,0.11,0,,,no_ik_solution
-0.04,0.13,1,-5,0,
-0.04,0.15,1,0,0,
-0.04,0.17,1,0,0,
-0.04,0.19,1,0,0,
-0.04,0.21,1,0,0,
-0.04,0.23,1,0,0,
-0.04,0.25,1,0,0,
-0.04,0.27,1,0,0,
-0.04,0.29,1,0,0,
-0.04,0.31,1,0,0,
-0.04,0.33,1,0,0,
-0.04,0.35,1,0,0,
-0.04,0.37,1,0,0,
-0.04,0.39,1,0,0,
-0.04,0.41,1,0,0,
-0.04,0.43,1,0,30,
-0.04,0.45,1,0,30,
-0.04,0.47,1,0,0,
-0.04,0.49,1,0,0,
-0.04,0.51,1,0,0,
-0.04,0.53,1,0,0,
-0.04,0.55,1,0,0,
-0.04,0.57,1,0,0,
-0.04,0.59,1,0,0,
-0.04,0.61,1,5,0,
-0.04,0.63,0,,,no_ik_solution
-0.04,0.65,0,,,no_ik_solution
-0.04,0.67,0,,,no_ik_solution
-0.04,0.69,0,,,no_ik_solution
-0.04,0.71,0,,,no_ik_solution
-0.04,0.73,0,,,no_ik_solution
-0.04,0.75,0,,,no_ik_solution
-0.04,0.77,0,,,no_ik_solution
-0.04,0.79,0,,,no_ik_solution
-0.04,0.81,0,,,no_ik_solution
-0.04,0.83,0,,,no_ik_solution
-0.04,0.85,0,,,no_ik_solution
-0.04,0.87,0,,,no_ik_solution
-0.04,0.89,0,,,no_ik_solution
-0.04,0.91,0,,,no_ik_solution
-0.04,0.93,0,,,no_ik_solution
-0.04,0.95,0,,,no_ik_solution
-0.02,0.05,0,,,no_ik_solution
-0.02,0.07,0,,,no_ik_solution
-0.02,0.09,0,,,no_ik_solution
-0.02,0.11,0,,,no_ik_solution
-0.02,0.13,0,,,no_ik_solution
-0.02,0.15,0,,,no_ik_solution
-0.02,0.17,0,,,no_ik_solution
-0.02,0.19,1,5,30,
-0.02,0.21,1,0,30,
-0.02,0.23,1,0,0,
-0.02,0.25,1,0,0,
-0.02,0.27,1,0,0,
-0.02,0.29,1,0,0,
-0.02,0.31,1,0,0,
-0.02,0.33,1,0,0,
-0.02,0.35,1,0,0,
-0.02,0.37,1,0,0,
-0.02,0.39,1,0,0,
-0.02,0.41,1,0,0,
-0.02,0.43,1,0,0,
-0.02,0.45,1,0,30,
-0.02,0.47,1,0,0,
-0.02,0.49,1,0,0,
-0.02,0.51,1,0,0,
-0.02,0.53,1,0,0,
-0.02,0.55,1,0,0,
-0.02,0.57,1,0,0,
-0.02,0.59,1,0,0,
-0.02,0.61,1,5,0,
-0.02,0.63,0,,,no_ik_solution
-0.02,0.65,0,,,no_ik_solution
-0.02,0.67,0,,,no_ik_solution
-0.02,0.69,0,,,no_ik_solution
-0.02,0.71,0,,,no_ik_solution
-0.02,0.73,0,,,no_ik_solution
-0.02,0.75,0,,,no_ik_solution
-0.02,0.77,0,,,no_ik_solution
-0.02,0.79,0,,,no_ik_solution
-0.02,0.81,0,,,no_ik_solution
-0.02,0.83,0,,,no_ik_solution
-0.02,0.85,0,,,no_ik_solution
-0.02,0.87,0,,,no_ik_solution
-0.02,0.89,0,,,no_ik_solution
-0.02,0.91,0,,,no_ik_solution
-0.02,0.93,0,,,no_ik_solution
-0.02,0.95,0,,,no_ik_solution
0.0,0.05,0,,,no_ik_solution
0.0,0.07,0,,,no_ik_solution
0.0,0.09,1,-10,90,
0.0,0.11,1,-5,90,
0.0,0.13,0,,,no_ik_solution
0.0,0.15,0,,,no_ik_solution
0.0,0.17,0,,,no_ik_solution
0.0,0.19,0,,,no_ik_solution
0.0,0.21,1,0,60,
0.0,0.23,1,0,30,
0.0,0.25,1,0,0,
0.0,0.27,1,0,0,
0.0,0.29,1,0,0,
0.0,0.31,1,0,0,
0.0,0.33,1,0,0,
0.0,0.35,1,0,0,
0.0,0.37,1,0,0,
0.0,0.39,1,0,0,
0.0,0.41,1,0,0,
0.0,0.43,1,0,0,
0.0,0.45,1,0,0,
0.0,0.47,1,0,0,
0.0,0.49,1,0,0,
0.0,0.51,1,0,0,
0.0,0.53,1,0,0,
0.0,0.55,1,0,0,
0.0,0.57,1,0,0,
0.0,0.59,1,0,0,
0.0,0.61,1,5,0,
0.0,0.63,0,,,no_ik_solution
0.0,0.65,0,,,no_ik_solution
0.0,0.67,0,,,no_ik_solution
0.0,0.69,0,,,no_ik_solution
0.0,0.71,0,,,no_ik_solution
0.0,0.73,0,,,no_ik_solution
0.0,0.75,0,,,no_ik_solution
0.0,0.77,0,,,no_ik_solution
0.0,0.79,0,,,no_ik_solution
0.0,0.81,0,,,no_ik_solution
0.0,0.83,0,,,no_ik_solution
0.0,0.85,0,,,no_ik_solution
0.0,0.87,0,,,no_ik_solution
0.0,0.89,0,,,no_ik_solution
0.0,0.91,0,,,no_ik_solution
0.0,0.93,0,,,no_ik_solution
0.0,0.95,0,,,no_ik_solution
0.02,0.05,0,,,no_ik_solution
0.02,0.07,0,,,no_ik_solution
0.02,0.09,0,,,no_ik_solution
0.02,0.11,0,,,no_ik_solution
0.02,0.13,0,,,no_ik_solution
0.02,0.15,0,,,no_ik_solution
0.02,0.17,0,,,no_ik_solution
0.02,0.19,1,5,-30,
0.02,0.21,1,0,-30,
0.02,0.23,1,0,0,
0.02,0.25,1,0,0,
0.02,0.27,1,0,0,
0.02,0.29,1,0,0,
0.02,0.31,1,0,0,
0.02,0.33,1,0,0,
0.02,0.35,1,0,0,
0.02,0.37,1,0,0,
0.02,0.39,1,0,0,
0.02,0.41,1,0,0,
0.02,0.43,1,0,0,
0.02,0.45,1,0,0,
0.02,0.47,1,0,0,
0.02,0.49,1,0,30,
0.02,0.51,1,0,0,
0.02,0.53,1,0,0,
0.02,0.55,1,0,0,
0.02,0.57,1,0,0,
0.02,0.59,1,0,0,
0.02,0.61,1,5,0,
0.02,0.63,0,,,no_ik_solution
0.02,0.65,0,,,no_ik_solution
0.02,0.67,0,,,no_ik_solution
0.02,0.69,0,,,no_ik_solution
0.02,0.71,0,,,no_ik_solution
0.02,0.73,0,,,no_ik_solution
0.02,0.75,0,,,no_ik_solution
0.02,0.77,0,,,no_ik_solution
0.02,0.79,0,,,no_ik_solution
0.02,0.81,0,,,no_ik_solution
0.02,0.83,0,,,no_ik_solution
0.02,0.85,0,,,no_ik_solution
0.02,0.87,0,,,no_ik_solution
0.02,0.89,0,,,no_ik_solution
0.02,0.91,0,,,no_ik_solution
0.02,0.93,0,,,no_ik_solution
0.02,0.95,0,,,no_ik_solution
0.04,0.05,0,,,no_ik_solution
0.04,0.07,0,,,no_ik_solution
0.04,0.09,0,,,no_ik_solution
0.04,0.11,0,,,no_ik_solution
0.04,0.13,1,-5,0,
0.04,0.15,1,0,180,
0.04,0.17,1,0,150,
0.04,0.19,1,0,0,
0.04,0.21,1,0,0,
0.04,0.23,1,0,0,
0.04,0.25,1,0,0,
0.04,0.27,1,0,0,
0.04,0.29,1,0,0,
0.04,0.31,1,0,0,
0.04,0.33,1,0,0,
0.04,0.35,1,0,0,
0.04,0.37,1,0,0,
0.04,0.39,1,0,0,
0.04,0.41,1,0,0,
0.04,0.43,1,0,0,
0.04,0.45,1,0,0,
0.04,0.47,1,0,0,
0.04,0.49,1,0,30,
0.04,0.51,1,0,30,
0.04,0.53,1,0,0,
0.04,0.55,1,0,0,
0.04,0.57,1,0,0,
0.04,0.59,1,0,0,
0.04,0.61,1,5,0,
0.04,0.63,0,,,no_ik_solution
0.04,0.65,0,,,no_ik_solution
0.04,0.67,0,,,no_ik_solution
0.04,0.69,0,,,no_ik_solution
0.04,0.71,0,,,no_ik_solution
0.04,0.73,0,,,no_ik_solution
0.04,0.75,0,,,no_ik_solution
0.04,0.77,0,,,no_ik_solution
0.04,0.79,0,,,no_ik_solution
0.04,0.81,0,,,no_ik_solution
0.04,0.83,0,,,no_ik_solution
0.04,0.85,0,,,no_ik_solution
0.04,0.87,0,,,no_ik_solution
0.04,0.89,0,,,no_ik_solution
0.04,0.91,0,,,no_ik_solution
0.04,0.93,0,,,no_ik_solution
0.04,0.95,0,,,no_ik_solution
0.06,0.05,0,,,no_ik_solution
0.06,0.07,0,,,no_ik_solution
0.06,0.09,1,-5,90,
0.06,0.11,1,-5,90,
0.06,0.13,1,-5,0,
0.06,0.15,1,0,0,
0.06,0.17,1,0,0,
0.06,0.19,1,0,0,
0.06,0.21,1,0,0,
0.06,0.23,1,0,0,
0.06,0.25,1,0,0,
0.06,0.27,1,0,0,
0.06,0.29,1,0,0,
0.06,0.31,1,0,0,
0.06,0.33,1,0,0,
0.06,0.35,1,0,0,
0.06,0.37,1,0,0,
0.06,0.39,1,0,0,
0.06,0.41,1,0,0,
0.06,0.43,1,0,0,
0.06,0.45,1,0,0,
0.06,0.47,1,0,0,
0.06,0.49,1,0,60,
0.06,0.51,1,0,30,
0.06,0.53,1,0,30,
0.06,0.55,1,0,0,
0.06,0.57,1,0,0,
0.06,0.59,1,0,0,
0.06,0.61,1,10,0,
0.06,0.63,0,,,no_ik_solution
0.06,0.65,0,,,no_ik_solution
0.06,0.67,0,,,no_ik_solution
0.06,0.69,0,,,no_ik_solution
0.06,0.71,0,,,no_ik_solution
0.06,0.73,0,,,no_ik_solution
0.06,0.75,0,,,no_ik_solution
0.06,0.77,0,,,no_ik_solution
0.06,0.79,0,,,no_ik_solution
0.06,0.81,0,,,no_ik_solution
0.06,0.83,0,,,no_ik_solution
0.06,0.85,0,,,no_ik_solution
0.06,0.87,0,,,no_ik_solution
0.06,0.89,0,,,no_ik_solution
0.06,0.91,0,,,no_ik_solution
0.06,0.93,0,,,no_ik_solution
0.06,0.95,0,,,no_ik_solution
0.08,0.05,0,,,no_ik_solution
0.08,0.07,0,,,no_ik_solution
0.08,0.09,1,-5,90,
0.08,0.11,1,-5,60,
0.08,0.13,1,0,0,
0.08,0.15,1,0,0,
0.08,0.17,1,0,0,
0.08,0.19,1,0,0,
0.08,0.21,1,0,0,
0.08,0.23,1,0,0,
0.08,0.25,1,0,0,
0.08,0.27,1,0,0,
0.08,0.29,1,0,0,
0.08,0.31,1,0,0,
0.08,0.33,1,0,0,
0.08,0.35,1,0,0,
0.08,0.37,1,0,0,
0.08,0.39,1,0,0,
0.08,0.41,1,0,0,
0.08,0.43,1,0,0,
0.08,0.45,1,0,0,
0.08,0.47,1,0,0,
0.08,0.49,1,0,60,
0.08,0.51,1,0,30,
0.08,0.53,1,0,30,
0.08,0.55,1,0,30,
0.08,0.57,1,0,0,
0.08,0.59,1,0,0,
0.08,0.61,1,10,0,
0.08,0.63,0,,,no_ik_solution
0.08,0.65,0,,,no_ik_solution
0.08,0.67,0,,,no_ik_solution
0.08,0.69,0,,,no_ik_solution
0.08,0.71,0,,,no_ik_solution
0.08,0.73,0,,,no_ik_solution
0.08,0.75,0,,,no_ik_solution
0.08,0.77,0,,,no_ik_solution
0.08,0.79,0,,,no_ik_solution
0.08,0.81,0,,,no_ik_solution
0.08,0.83,0,,,no_ik_solution
0.08,0.85,0,,,no_ik_solution
0.08,0.87,0,,,no_ik_solution
0.08,0.89,0,,,no_ik_solution
0.08,0.91,0,,,no_ik_solution
0.08,0.93,0,,,no_ik_solution
0.08,0.95,0,,,no_ik_solution
0.1,0.05,0,,,no_ik_solution
0.1,0.07,0,,,no_ik_solution
0.1,0.09,1,-5,90,
0.1,0.11,1,-5,60,
0.1,0.13,1,0,0,
0.1,0.15,1,0,0,
0.1,0.17,1,0,0,
0.1,0.19,1,0,0,
0.1,0.21,1,0,0,
0.1,0.23,1,0,0,
0.1,0.25,1,0,0,
0.1,0.27,1,0,0,
0.1,0.29,1,0,0,
0.1,0.31,1,0,0,
0.1,0.33,1,0,0,
0.1,0.35,1,0,0,
0.1,0.37,1,0,0,
0.1,0.39,1,0,0,
0.1,0.41,1,0,0,
0.1,0.43,1,0,0,
0.1,0.45,1,0,0,
0.1,0.47,1,0,0,
0.1,0.49,1,0,60,
0.1,0.51,1,0,30,
0.1,0.53,1,0,30,
0.1,0.55,1,0,30,
0.1,0.57,1,0,0,
0.1,0.59,1,0,0,
0.1,0.61,0,,,no_ik_solution
0.1,0.63,0,,,no_ik_solution
0.1,0.65,0,,,no_ik_solution
0.1,0.67,0,,,no_ik_solution
0.1,0.69,0,,,no_ik_solution
0.1,0.71,0,,,no_ik_solution
0.1,0.73,0,,,no_ik_solution
0.1,0.75,0,,,no_ik_solution
0.1,0.77,0,,,no_ik_solution
0.1,0.79,0,,,no_ik_solution
0.1,0.81,0,,,no_ik_solution
0.1,0.83,0,,,no_ik_solution
0.1,0.85,0,,,no_ik_solution
0.1,0.87,0,,,no_ik_solution
0.1,0.89,0,,,no_ik_solution
0.1,0.91,0,,,no_ik_solution
0.1,0.93,0,,,no_ik_solution
0.1,0.95,0,,,no_ik_solution
0.12,0.05,0,,,no_ik_solution
0.12,0.07,0,,,no_ik_solution
0.12,0.09,1,-5,90,
0.12,0.11,1,-5,60,
0.12,0.13,1,0,0,
0.12,0.15,1,0,0,
0.12,0.17,1,0,0,
0.12,0.19,1,0,0,
0.12,0.21,1,0,0,
0.12,0.23,1,0,0,
0.12,0.25,1,0,0,
0.12,0.27,1,0,0,
0.12,0.29,1,0,0,
0.12,0.31,1,0,0,
0.12,0.33,1,0,0,
0.12,0.35,1,0,0,
0.12,0.37,1,0,0,
0.12,0.39,1,0,0,
0.12,0.41,1,0,0,
0.12,0.43,1,0,0,
0.12,0.45,1,0,0,
0.12,0.47,1,0,0,
0.12,0.49,1,0,60,
0.12,0.51,1,0,60,
0.12,0.53,1,0,30,
0.12,0.55,1,0,30,
0.12,0.57,1,0,30,
0.12,0.59,1,5,0,
0.12,0.61,0,,,no_ik_solution
0.12,0.63,0,,,no_ik_solution
0.12,0.65,0,,,no_ik_solution
0.12,0.67,0,,,no_ik_solution
0.12,0.69,0,,,no_ik_solution
0.12,0.71,0,,,no_ik_solution
0.12,0.73,0,,,no_ik_solution
0.12,0.75,0,,,no_ik_solution
0.12,0.77,0,,,no_ik_solution
0.12,0.79,0,,,no_ik_solution
0.12,0.81,0,,,no_ik_solution
0.12,0.83,0,,,no_ik_solution
0.12,0.85,0,,,no_ik_solution
0.12,0.87,0,,,no_ik_solution
0.12,0.89,0,,,no_ik_solution
0.12,0.91,0,,,no_ik_solution
0.12,0.93,0,,,no_ik_solution
0.12,0.95,0,,,no_ik_solution
0.14,0.05,0,,,no_ik_solution
0.14,0.07,0,,,no_ik_solution
0.14,0.09,1,-5,90,
0.14,0.11,1,-5,60,
0.14,0.13,1,0,0,
0.14,0.15,1,0,0,
0.14,0.17,1,0,0,
0.14,0.19,1,0,0,
0.14,0.21,1,0,0,
0.14,0.23,1,0,0,
0.14,0.25,1,0,0,
0.14,0.27,1,0,0,
0.14,0.29,1,0,0,
0.14,0.31,1,0,0,
0.14,0.33,1,0,0,
0.14,0.35,1,0,0,
0.14,0.37,1,0,0,
0.14,0.39,1,0,0,
0.14,0.41,1,0,0,
0.14,0.43,1,0,0,
0.14,0.45,1,0,0,
0.14,0.47,1,0,0,
0.14,0.49,1,0,60,
0.14,0.51,1,0,60,
0.14,0.53,1,0,30,
0.14,0.55,1,0,30,
0.14,0.57,1,0,30,
0.14,0.59,1,10,30,
0.14,0.61,0,,,no_ik_solution
0.14,0.63,0,,,no_ik_solution
0.14,0.65,0,,,no_ik_solution
0.14,0.67,0,,,no_ik_solution
0.14,0.69,0,,,no_ik_solution
0.14,0.71,0,,,no_ik_solution
0.14,0.73,0,,,no_ik_solution
0.14,0.75,0,,,no_ik_solution
0.14,0.77,0,,,no_ik_solution
0.14,0.79,0,,,no_ik_solution
0.14,0.81,0,,,no_ik_solution
0.14,0.83,0,,,no_ik_solution
0.14,0.85,0,,,no_ik_solution
0.14,0.87,0,,,no_ik_solution
0.14,0.89,0,,,no_ik_solution
0.14,0.91,0,,,no_ik_solution
0.14,0.93,0,,,no_ik_solution
0.14,0.95,0,,,no_ik_solution
0.16,0.05,0,,,no_ik_solution
0.16,0.07,0,,,no_ik_solution
0.16,0.09,1,-5,90,
0.16,0.11,1,0,60,
0.16,0.13,1,0,0,
0.16,0.15,1,0,0,
0.16,0.17,1,0,0,
0.16,0.19,1,0,0,
0.16,0.21,1,0,0,
0.16,0.23,1,0,0,
0.16,0.25,1,0,0,
0.16,0.27,1,0,0,
0.16,0.29,1,0,0,
0.16,0.31,1,0,0,
0.16,0.33,1,0,0,
0.16,0.35,1,0,0,
0.16,0.37,1,0,0,
0.16,0.39,1,0,0,
0.16,0.41,1,0,0,
0.16,0.43,1,0,0,
0.16,0.45,1,0,0,
0.16,0.47,1,0,0,
0.16,0.49,1,0,60,
0.16,0.51,1,0,60,
0.16,0.53,1,0,30,
0.16,0.55,1,0,30,
0.16,0.57,1,0,30,
0.16,0.59,0,,,no_ik_solution
0.16,0.61,0,,,no_ik_solution
0.16,0.63,0,,,no_ik_solution
0.16,0.65,0,,,no_ik_solution
0.16,0.67,0,,,no_ik_solution
0.16,0.69,0,,,no_ik_solution
0.16,0.71,0,,,no_ik_solution
0.16,0.73,0,,,no_ik_solution
0.16,0.75,0,,,no_ik_solution
0.16,0.77,0,,,no_ik_solution
0.16,0.79,0,,,no_ik_solution
0.16,0.81,0,,,no_ik_solution
0.16,0.83,0,,,no_ik_solution
0.16,0.85,0,,,no_ik_solution
0.16,0.87,0,,,no_ik_solution
0.16,0.89,0,,,no_ik_solution
0.16,0.91,0,,,no_ik_solution
0.16,0.93,0,,,no_ik_solution
0.16,0.95,0,,,no_ik_solution
0.18,0.05,0,,,no_ik_solution
0.18,0.07,0,,,no_ik_solution
0.18,0.09,1,-5,90,
0.18,0.11,1,0,60,
0.18,0.13,1,0,0,
0.18,0.15,1,0,0,
0.18,0.17,1,0,0,
0.18,0.19,1,0,0,
0.18,0.21,1,0,0,
0.18,0.23,1,0,0,
0.18,0.25,1,0,0,
0.18,0.27,1,0,0,
0.18,0.29,1,0,0,
0.18,0.31,1,0,0,
0.18,0.33,1,0,0,
0.18,0.35,1,0,0,
0.18,0.37,1,0,0,
0.18,0.39,1,0,0,
0.18,0.41,1,0,0,
0.18,0.43,1,0,0,
0.18,0.45,1,0,0,
0.18,0.47,1,0,0,
0.18,0.49,1,0,60,
0.18,0.51,1,0,60,
0.18,0.53,1,0,30,
0.18,0.55,1,0,30,
0.18,0.57,1,5,30,
0.18,0.59,0,,,no_ik_solution
0.18,0.61,0,,,no_ik_solution
0.18,0.63,0,,,no_ik_solution
0.18,0.65,0,,,no_ik_solution
0.18,0.67,0,,,no_ik_solution
0.18,0.69,0,,,no_ik_solution
0.18,0.71,0,,,no_ik_solution
0.18,0.73,0,,,no_ik_solution
0.18,0.75,0,,,no_ik_solution
0.18,0.77,0,,,no_ik_solution
0.18,0.79,0,,,no_ik_solution
0.18,0.81,0,,,no_ik_solution
0.18,0.83,0,,,no_ik_solution
0.18,0.85,0,,,no_ik_solution
0.18,0.87,0,,,no_ik_solution
0.18,0.89,0,,,no_ik_solution
0.18,0.91,0,,,no_ik_solution
0.18,0.93,0,,,no_ik_solution
0.18,0.95,0,,,no_ik_solution
0.2,0.05,0,,,no_ik_solution
0.2,0.07,0,,,no_ik_solution
0.2,0.09,1,0,90,
0.2,0.11,1,0,60,
0.2,0.13,1,0,0,
0.2,0.15,1,0,0,
0.2,0.17,1,0,0,
0.2,0.19,1,0,0,
0.2,0.21,1,0,0,
0.2,0.23,1,0,0,
0.2,0.25,1,0,0,
0.2,0.27,1,0,0,
0.2,0.29,1,0,0,
0.2,0.31,1,0,0,
0.2,0.33,1,0,0,
0.2,0.35,1,0,0,
0.2,0.37,1,0,0,
0.2,0.39,1,0,0,
0.2,0.41,1,0,0,
0.2,0.43,1,0,0,
0.2,0.45,1,0,0,
0.2,0.47,1,0,0,
0.2,0.49,1,0,60,
0.2,0.51,1,0,60,
0.2,0.53,1,0,0,
0.2,0.55,1,0,0,
0.2,0.57,1,10,0,
0.2,0.59,0,,,no_ik_solution
0.2,0.61,0,,,no_ik_solution
0.2,0.63,0,,,no_ik_solution
0.2,0.65,0,,,no_ik_solution
0.2,0.67,0,,,no_ik_solution
0.2,0.69,0,,,no_ik_solution
0.2,0.71,0,,,no_ik_solution
0.2,0.73,0,,,no_ik_solution
0.2,0.75,0,,,no_ik_solution
0.2,0.77,0,,,no_ik_solution
0.2,0.79,0,,,no_ik_solution
0.2,0.81,0,,,no_ik_solution
0.2,0.83,0,,,no_ik_solution
0.2,0.85,0,,,no_ik_solution
0.2,0.87,0,,,no_ik_solution
0.2,0.89,0,,,no_ik_solution
0.2,0.91,0,,,no_ik_solution
0.2,0.93,0,,,no_ik_solution
0.2,0.95,0,,,no_ik_solution
0.22,0.05,0,,,no_ik_solution
0.22,0.07,0,,,no_ik_solution
0.22,0.09,1,0,90,
0.22,0.11,1,0,60,
0.22,0.13,1,0,0,
0.22,0.15,1,0,0,
0.22,0.17,1,0,0,
0.22,0.19,1,0,0,
0.22,0.21,1,0,0,
0.22,0.23,1,0,0,
0.22,0.25,1,0,0,
0.22,0.27,1,0,0,
0.22,0.29,1,0,0,
0.22,0.31,1,0,0,
0.22,0.33,1,0,0,
0.22,0.35,1,0,0,
0.22,0.37,1,0,0,
0.22,0.39,1,0,0,
0.22,0.41,1,0,0,
0.22,0.43,1,0,0,
0.22,0.45,1,0,0,
0.22,0.47,1,0,0,
0.22,0.49,1,0,60,
0.22,0.51,1,0,0,
0.22,0.53,1,0,0,
0.22,0.55,1,5,0,
0.22,0.57,0,,,no_ik_solution
0.22,0.59,0,,,no_ik_solution
0.22,0.61,0,,,no_ik_solution
0.22,0.63,0,,,no_ik_solution
0.22,0.65,0,,,no_ik_solution
0.22,0.67,0,,,no_ik_solution
0.22,0.69,0,,,no_ik_solution
0.22,0.71,0,,,no_ik_solution
0.22,0.73,0,,,no_ik_solution
0.22,0.75,0,,,no_ik_solution
0.22,0.77,0,,,no_ik_solution
0.22,0.79,0,,,no_ik_solution
0.22,0.81,0,,,no_ik_solution
0.22,0.83,0,,,no_ik_solution
0.22,0.85,0,,,no_ik_solution
0.22,0.87,0,,,no_ik_solution
0.22,0.89,0,,,no_ik_solution
0.22,0.91,0,,,no_ik_solution
0.22,0.93,0,,,no_ik_solution
0.22,0.95,0,,,no_ik_solution
0.24,0.05,0,,,no_ik_solution
0.24,0.07,0,,,no_ik_solution
0.24,0.09,1,0,90,
0.24,0.11,1,0,60,
0.24,0.13,1,0,0,
0.24,0.15,1,0,0,
0.24,0.17,1,0,0,
0.24,0.19,1,0,0,
0.24,0.21,1,0,0,
0.24,0.23,1,0,0,
0.24,0.25,1,0,0,
0.24,0.27,1,0,0,
0.24,0.29,1,0,0,
0.24,0.31,1,0,0,
0.24,0.33,1,0,0,
0.24,0.35,1,0,0,
0.24,0.37,1,0,0,
0.24,0.39,1,0,0,
0.24,0.41,1,0,0,
0.24,0.43,1,0,0,
0.24,0.45,1,0,0,
0.24,0.47,1,0,60,
0.24,0.49,1,0,0,
0.24,0.51,1,0,0,
0.24,0.53,1,0,0,
0.24,0.55,0,,,no_ik_solution
0.24,0.57,0,,,no_ik_solution
0.24,0.59,0,,,no_ik_solution
0.24,0.61,0,,,no_ik_solution
0.24,0.63,0,,,no_ik_solution
0.24,0.65,0,,,no_ik_solution
0.24,0.67,0,,,no_ik_solution
0.24,0.69,0,,,no_ik_solution
0.24,0.71,0,,,no_ik_solution
0.24,0.73,0,,,no_ik_solution
0.24,0.75,0,,,no_ik_solution
0.24,0.77,0,,,no_ik_solution
0.24,0.79,0,,,no_ik_solution
0.24,0.81,0,,,no_ik_solution
0.24,0.83,0,,,no_ik_solution
0.24,0.85,0,,,no_ik_solution
0.24,0.87,0,,,no_ik_solution
0.24,0.89,0,,,no_ik_solution
0.24,0.91,0,,,no_ik_solution
0.24,0.93,0,,,no_ik_solution
0.24,0.95,0,,,no_ik_solution
0.26,0.05,0,,,no_ik_solution
0.26,0.07,0,,,no_ik_solution
0.26,0.09,1,0,90,
0.26,0.11,1,0,60,
0.26,0.13,1,0,0,
0.26,0.15,1,0,0,
0.26,0.17,1,0,0,
0.26,0.19,1,0,0,
0.26,0.21,1,0,0,
0.26,0.23,1,0,0,
0.26,0.25,1,0,0,
0.26,0.27,1,0,0,
0.26,0.29,1,0,0,
0.26,0.31,1,0,0,
0.26,0.33,1,0,0,
0.26,0.35,1,0,0,
0.26,0.37,1,0,0,
0.26,0.39,1,0,0,
0.26,0.41,1,0,0,
0.26,0.43,1,0,0,
0.26,0.45,1,0,0,
0.26,0.47,1,0,0,
0.26,0.49,1,0,0,
0.26,0.51,1,0,0,
0.26,0.53,1,10,0,
0.26,0.55,0,,,no_ik_solution
0.26,0.57,0,,,no_ik_solution
0.26,0.59,0,,,no_ik_solution
0.26,0.61,0,,,no_ik_solution
0.26,0.63,0,,,no_ik_solution
0.26,0.65,0,,,no_ik_solution
0.26,0.67,0,,,no_ik_solution
0.26,0.69,0,,,no_ik_solution
0.26,0.71,0,,,no_ik_solution
0.26,0.73,0,,,no_ik_solution
0.26,0.75,0,,,no_ik_solution
0.26,0.77,0,,,no_ik_solution
0.26,0.79,0,,,no_ik_solution
0.26,0.81,0,,,no_ik_solution
0.26,0.83,0,,,no_ik_solution
0.26,0.85,0,,,no_ik_solution
0.26,0.87,0,,,no_ik_solution
0.26,0.89,0,,,no_ik_solution
0.26,0.91,0,,,no_ik_solution
0.26,0.93,0,,,no_ik_solution
0.26,0.95,0,,,no_ik_solution
0.28,0.05,0,,,no_ik_solution
0.28,0.07,0,,,no_ik_solution
0.28,0.09,1,0,90,
0.28,0.11,1,0,60,
0.28,0.13,1,0,0,
0.28,0.15,1,0,0,
0.28,0.17,1,0,0,
0.28,0.19,1,0,0,
0.28,0.21,1,0,0,
0.28,0.23,1,0,0,
0.28,0.25,1,0,0,
0.28,0.27,1,0,0,
0.28,0.29,1,0,0,
0.28,0.31,1,0,0,
0.28,0.33,1,0,0,
0.28,0.35,1,0,0,
0.28,0.37,1,0,0,
0.28,0.39,1,0,0,
0.28,0.41,1,0,0,
0.28,0.43,1,0,0,
0.28,0.45,1,0,0,
0.28,0.47,1,0,0,
0.28,0.49,1,0,0,
0.28,0.51,1,5,0,
0.28,0.53,0,,,no_ik_solution
0.28,0.55,0,,,no_ik_solution
0.28,0.57,0,,,no_ik_solution
0.28,0.59,0,,,no_ik_solution
0.28,0.61,0,,,no_ik_solution
0.28,0.63,0,,,no_ik_solution
0.28,0.65,0,,,no_ik_solution
0.28,0.67,0,,,no_ik_solution
0.28,0.69,0,,,no_ik_solution
0.28,0.71,0,,,no_ik_solution
0.28,0.73,0,,,no_ik_solution
0.28,0.75,0,,,no_ik_solution
0.28,0.77,0,,,no_ik_solution
0.28,0.79,0,,,no_ik_solution
0.28,0.81,0,,,no_ik_solution
0.28,0.83,0,,,no_ik_solution
0.28,0.85,0,,,no_ik_solution
0.28,0.87,0,,,no_ik_solution
0.28,0.89,0,,,no_ik_solution
0.28,0.91,0,,,no_ik_solution
0.28,0.93,0,,,no_ik_solution
0.28,0.95,0,,,no_ik_solution
0.3,0.05,0,,,no_ik_solution
0.3,0.07,0,,,no_ik_solution
0.3,0.09,1,0,90,
0.3,0.11,1,0,60,
0.3,0.13,1,0,0,
0.3,0.15,1,0,0,
0.3,0.17,1,0,0,
0.3,0.19,1,0,0,
0.3,0.21,1,0,0,
0.3,0.23,1,0,0,
0.3,0.25,1,0,0,
0.3,0.27,1,0,0,
0.3,0.29,1,0,0,
0.3,0.31,1,0,0,
0.3,0.33,1,0,0,
0.3,0.35,1,0,0,
0.3,0.37,1,0,0,
0.3,0.39,1,0,0,
0.3,0.41,1,0,0,
0.3,0.43,1,0,0,
0.3,0.45,1,0,0,
0.3,0.47,1,0,0,
0.3,0.49,1,5,0,
0.3,0.51,0,,,no_ik_solution
0.3,0.53,0,,,no_ik_solution
0.3,0.55,0,,,no_ik_solution
0.3,0.57,0,,,no_ik_solution
0.3,0.59,0,,,no_ik_solution
0.3,0.61,0,,,no_ik_solution
0.3,0.63,0,,,no_ik_solution
0.3,0.65,0,,,no_ik_solution
0.3,0.67,0,,,no_ik_solution
0.3,0.69,0,,,no_ik_solution
0.3,0.71,0,,,no_ik_solution
0.3,0.73,0,,,no_ik_solution
0.3,0.75,0,,,no_ik_solution
0.3,0.77,0,,,no_ik_solution
0.3,0.79,0,,,no_ik_solution
0.3,0.81,0,,,no_ik_solution
0.3,0.83,0,,,no_ik_solution
0.3,0.85,0,,,no_ik_solution
0.3,0.87,0,,,no_ik_solution
0.3,0.89,0,,,no_ik_solution
0.3,0.91,0,,,no_ik_solution
0.3,0.93,0,,,no_ik_solution
0.3,0.95,0,,,no_ik_solution
