t,mode,x,y,z,force_n,target_n,v_norm_cmd_mps,v_lat_mps,obstacle_active
0.0,approach,-0.3,0.46,0.0798,0.0,10.0,0.02,0.0,0
0.01,approach,-0.3,0.46,0.0796,0.0,10.0,0.02,0.0,0
0.02,approach,-0.3,0.46,0.0794,0.0,10.0,0.02,0.0,0
0.03,approach,-0.3,0.46,0.0792,0.0,10.0,0.02,0.0,0
0.04,approach,-0.3,0.46,0.079,0.0,10.0,0.02,0.0,0
0.05,approach,-0.3,0.46,0.0788,0.0,10.0,0.02,0.0,0
0.06,approach,-0.3,0.46,0.0786,0.0,10.0,0.02,0.0,0
0.07,approach,-0.3,0.46,0.0784,0.0,10.0,0.02,0.0,0
0.08,approach,-0.3,0.46,0.0782,0.0,10.0,0.02,0.0,0
0.09,approach,-0.3,0.46,0.078,0.0,10.0,0.02,0.0,0
0.1,approach,-0.3,0.46,0.0778,0.0,10.0,0.02,0.0,0
0.11,approach,-0.3,0.46,0.0776,0.0,10.0,0.02,0.0,0
0.12,approach,-0.3,0.46,0.0774,0.0,10.0,0.02,0.0,0
0.13,approach,-0.3,0.46,0.0772,0.0,10.0,0.02,0.0,0
0.14,approach,-0.3,0.46,0.077,0.0,10.0,0.02,0.0,0
0.15,approach,-0.3,0.46,0.0768,0.0,10.0,0.02,0.0,0
0.16,approach,-0.3,0.46,0.0766,0.0,10.0,0.02,0.0,0
0.17,approach,-0.3,0.46,0.0764,0.0,10.0,0.02,0.0,0
0.18,approach,-0.3,0.46,0.0762,0.0,10.0,0.02,0.0,0
0.19,approach,-0.3,0.46,0.076,0.0,10.0,0.02,0.0,0
0.2,approach,-0.3,0.46,0.0758,0.0,10.0,0.02,0.0,0
0.21,approach,-0.3,0.46,0.0756,0.0,10.0,0.02,0.0,0
0.22,approach,-0.3,0.46,0.0754,0.0,10.0,0.02,0.0,0
0.23,approach,-0.3,0.46,0.0752,0.0,10.0,0.02,0.0,0
0.24,approach,-0.3,0.46,0.075,0.0,10.0,0.02,0.0,0
0.25,approach,-0.3,0.46,0.0748,0.0,10.0,0.02,0.0,0
0.26,approach,-0.3,0.46,0.0746,0.0,10.0,0.02,0.0,0
0.27,approach,-0.3,0.46,0.0744,0.0,10.0,0.02,0.0,0
0.28,approach,-0.3,0.46,0.0742,0.0,10.0,0.02,0.0,0
0.29,approach,-0.3,0.46,0.074,0.0,10.0,0.02,0.0,0
0.3,approach,-0.3,0.46,0.0738,0.0,10.0,0.02,0.0,0
0.31,approach,-0.3,0.46,0.0736,0.0,10.0,0.02,0.0,0
0.32,approach,-0.3,0.46,0.0734,0.0,10.0,0.02,0.0,0
0.33,approach,-0.3,0.46,0.0732,0.0,10.0,0.02,0.0,0
0.34,approach,-0.3,0.46,0.073,0.0,10.0,0.02,0.0,0
0.35,approach,-0.3,0.46,0.0728,0.0,10.0,0.02,0.0,0
0.36,approach,-0.3,0.46,0.0726,0.0,10.0,0.02,0.0,0
0.37,approach,-0.3,0.46,0.0724,0.0,10.0,0.02,0.0,0
0.38,approach,-0.3,0.46,0.0722,0.0,10.0,0.02,0.0,0
0.39,approach,-0.3,0.46,0.072,0.0,10.0,0.02,0.0,0
0.4,approach,-0.3,0.46,0.0718,0.0,10.0,0.02,0.0,0
0.41,approach,-0.3,0.46,0.0716,0.0,10.0,0.02,0.0,0
0.42,approach,-0.3,0.46,0.0714,0.0,10.0,0.02,0.0,0
0.43,approach,-0.3,0.46,0.0712,0.0,10.0,0.02,0.0,0
0.44,approach,-0.3,0.46,0.071,0.0,10.0,0.02,0.0,0
0.45,approach,-0.3,0.46,0.0708,0.0,10.0,0.02,0.0,0
0.46,approach,-0.3,0.46,0.0706,0.0,10.0,0.02,0.0,0
0.47,approach,-0.3,0.46,0.0704,0.0,10.0,0.02,0.0,0
0.48,approach,-0.3,0.46,0.0702,0.0,10.0,0.02,0.0,0
0.49,approach,-0.3,0.46,0.07,0.0,10.0,0.02,0.0,0
0.5,approach,-0.3,0.46,0.0698,0.0,10.0,0.02,0.0,0
0.51,approach,-0.3,0.46,0.0696,0.0,10.0,0.02,0.0,0
0.52,approach,-0.3,0.46,0.0694,0.0,10.0,0.02,0.0,0
0.53,approach,-0.3,0.46,0.0692,0.0,10.0,0.02,0.0,0
0.54,approach,-0.3,0.46,0.069,0.0,10.0,0.02,0.0,0
0.55,approach,-0.3,0.46,0.0688,0.0,10.0,0.02,0.0,0
0.56,approach,-0.3,0.46,0.0686,0.0,10.0,0.02,0.0,0
0.57,approach,-0.3,0.46,0.0684,0.0,10.0,0.02,0.0,0
0.58,approach,-0.3,0.46,0.0682,0.0,10.0,0.02,0.0,0
0.59,approach,-0.3,0.46,0.068,0.0,10.0,0.02,0.0,0
0.6,approach,-0.3,0.46,0.0678,0.0,10.0,0.02,0.0,0
0.61,approach,-0.3,0.46,0.0676,0.0,10.0,0.02,0.0,0
0.62,approach,-0.3,0.46,0.0674,0.0,10.0,0.02,0.0,0
0.63,approach,-0.3,0.46,0.0672,0.0,10.0,0.02,0.0,0
0.64,approach,-0.3,0.46,0.067,0.0,10.0,0.02,0.0,0
0.65,approach,-0.3,0.46,0.0668,0.0,10.0,0.02,0.0,0
0.66,approach,-0.3,0.46,0.0666,0.0,10.0,0.02,0.0,0
0.67,approach,-0.3,0.46,0.0664,0.0,10.0,0.02,0.0,0
0.68,approach,-0.3,0.46,0.0662,0.0,10.0,0.02,0.0,0
0.69,approach,-0.3,0.46,0.066,0.0,10.0,0.02,0.0,0
0.7,approach,-0.3,0.46,0.0658,0.0,10.0,0.02,0.0,0
0.71,approach,-0.3,0.46,0.0656,0.0,10.0,0.02,0.0,0
0.72,approach,-0.3,0.46,0.0654,0.0,10.0,0.02,0.0,0
0.73,approach,-0.3,0.46,0.0652,0.0,10.0,0.02,0.0,0
0.74,approach,-0.3,0.46,0.065,0.0,10.0,0.02,0.0,0
0.75,approach,-0.3,0.46,0.0648,0.0,10.0,0.02,0.0,0
0.76,approach,-0.3,0.46,0.0646,0.0,10.0,0.02,0.0,0
0.77,approach,-0.3,0.46,0.0644,0.0,10.0,0.02,0.0,0
0.78,approach,-0.3,0.46,0.0642,0.0,10.0,0.02,0.0,0
0.79,approach,-0.3,0.46,0.064,0.0,10.0,0.02,0.0,0
0.8,approach,-0.3,0.46,0.0638,0.0,10.0,0.02,0.0,0
0.81,approach,-0.3,0.46,0.0636,0.0,10.0,0.02,0.0,0
0.82,approach,-0.3,0.46,0.0634,0.0,10.0,0.02,0.0,0
0.83,approach,-0.3,0.46,0.0632,0.0,10.0,0.02,0.0,0
0.84,approach,-0.3,0.46,0.063,0.0,10.0,0.02,0.0,0
0.85,approach,-0.3,0.46,0.0628,0.0,10.0,0.02,0.0,0
0.86,approach,-0.3,0.46,0.0626,0.0,10.0,0.02,0.0,0
0.87,approach,-0.3,0.46,0.0624,0.0,10.0,0.02,0.0,0
0.88,approach,-0.3,0.46,0.0622,0.0,10.0,0.02,0.0,0
0.89,approach,-0.3,0.46,0.062,0.0,10.0,0.02,0.0,0
0.9,approach,-0.3,0.46,0.0618,0.0,10.0,0.02,0.0,0
0.91,approach,-0.3,0.46,0.0616,0.0,10.0,0.02,0.0,0
0.92,approach,-0.3,0.46,0.0614,0.0,10.0,0.02,0.0,0
0.93,approach,-0.3,0.46,0.0612,0.0,10.0,0.02,0.0,0
0.94,approach,-0.3,0.46,0.061,0.0,10.0,0.02,0.0,0
0.95,approach,-0.3,0.46,0.0608,0.0,10.0,0.02,0.0,0
0.96,approach,-0.3,0.46,0.0606,0.0,10.0,0.02,0.0,0
0.97,approach,-0.3,0.46,0.0604,0.0,10.0,0.02,0.0,0
0.98,approach,-0.3,0.46,0.0602,0.0,10.0,0.02,0.0,0
0.99,approach,-0.3,0.46,0.06,0.0,10.0,0.02,0.0,0
1.0,approach,-0.3,0.46,0.0598,0.0,10.0,0.02,0.0,0
1.01,approach,-0.3,0.46,0.0596,0.0,10.0,0.02,0.0,0
1.02,approach,-0.3,0.46,0.0594,0.0,10.0,0.02,0.0,0
1.03,approach,-0.3,0.46,0.0592,0.0,10.0,0.02,0.0,0
1.04,approach,-0.3,0.46,0.059,0.0,10.0,0.02,0.0,0
1.05,approach,-0.3,0.46,0.0588,0.0,10.0,0.02,0.0,0
1.06,approach,-0.3,0.46,0.0586,0.0,10.0,0.02,0.0,0
1.07,approach,-0.3,0.46,0.0584,0.0,10.0,0.02,0.0,0
1.08,approach,-0.3,0.46,0.0582,0.0,10.0,0.02,0.0,0
1.09,approach,-0.3,0.46,0.058,0.0,10.0,0.02,0.0,0
1.1,approach,-0.3,0.46,0.0578,0.0,10.0,0.02,0.0,0
1.11,approach,-0.3,0.46,0.0576,0.0,10.0,0.02,0.0,0
1.12,approach,-0.3,0.46,0.0574,0.0,10.0,0.02,0.0,0
1.13,approach,-0.3,0.46,0.0572,0.0,10.0,0.02,0.0,0
1.14,approach,-0.3,0.46,0.057,0.0,10.0,0.02,0.0,0
1.15,approach,-0.3,0.46,0.0568,0.0,10.0,0.02,0.0,0
1.16,approach,-0.3,0.46,0.0566,0.0,10.0,0.02,0.0,0
1.17,approach,-0.3,0.46,0.0564,0.0,10.0,0.02,0.0,0
1.18,approach,-0.3,0.46,0.0562,0.0,10.0,0.02,0.0,0
1.19,approach,-0.3,0.46,0.056,0.0,10.0,0.02,0.0,0
1.2,approach,-0.3,0.46,0.0558,0.0,10.0,0.02,0.0,0
1.21,approach,-0.3,0.46,0.0556,0.0,10.0,0.02,0.0,0
1.22,approach,-0.3,0.46,0.0554,0.0,10.0,0.02,0.0,0
1.23,approach,-0.3,0.46,0.0552,0.0,10.0,0.02,0.0,0
1.24,approach,-0.3,0.46,0.055,0.0,10.0,0.02,0.0,0
1.25,approach,-0.3,0.46,0.0548,0.0,10.0,0.02,0.0,0
1.26,approach,-0.3,0.46,0.0546,0.0,10.0,0.02,0.0,0
1.27,approach,-0.3,0.46,0.0544,0.0,10.0,0.02,0.0,0
1.28,approach,-0.3,0.46,0.0542,0.0,10.0,0.02,0.0,0
1.29,approach,-0.3,0.46,0.054,0.0,10.0,0.02,0.0,0
1.3,approach,-0.3,0.46,0.0538,0.0,10.0,0.02,0.0,0
1.31,approach,-0.3,0.46,0.0536,0.0,10.0,0.02,0.0,0
1.32,approach,-0.3,0.46,0.0534,0.0,10.0,0.02,0.0,0
1.33,approach,-0.3,0.46,0.0532,0.0,10.0,0.02,0.0,0
1.34,approach,-0.3,0.46,0.053,0.0,10.0,0.02,0.0,0
1.35,approach,-0.3,0.46,0.0528,0.0,10.0,0.02,0.0,0
1.36,approach,-0.3,0.46,0.0526,0.0,10.0,0.02,0.0,0
1.37,approach,-0.3,0.46,0.0524,0.0,10.0,0.02,0.0,0
1.38,approach,-0.3,0.46,0.0522,0.0,10.0,0.02,0.0,0
1.39,approach,-0.3,0.46,0.052,0.0,10.0,0.02,0.0,0
1.4,approach,-0.3,0.46,0.0518,0.0,10.0,0.02,0.0,0
1.41,approach,-0.3,0.46,0.0516,0.0,10.0,0.02,0.0,0
1.42,approach,-0.3,0.46,0.0514,0.0,10.0,0.02,0.0,0
1.43,approach,-0.3,0.46,0.0512,0.0,10.0,0.02,0.0,0
1.44,approach,-0.3,0.46,0.051,0.0,10.0,0.02,0.0,0
1.45,approach,-0.3,0.46,0.0508,0.0,10.0,0.02,0.0,0
1.46,approach,-0.3,0.46,0.0506,0.0,10.0,0.02,0.0,0
1.47,approach,-0.3,0.46,0.0504,0.0,10.0,0.02,0.0,0
1.48,approach,-0.3,0.46,0.0502,0.0,10.0,0.02,0.0,0
1.49,approach,-0.3,0.46,0.05,0.0,10.0,0.02,0.0,0
1.5,approach,-0.3,0.46,0.0498,0.015,10.0,0.02,0.0,0
1.51,approach,-0.3,0.46,0.0496,0.348,10.0,0.02,0.0,0
1.52,approach,-0.3,0.46,0.0494,0.838,10.0,0.02,0.0,0
1.53,approach,-0.3,0.46,0.0492,1.247,10.0,0.02,0.0,0
1.54,approach,-0.3,0.46,0.049,1.502,10.0,0.02,0.0,0
1.55,approach,-0.3,0.46,0.0488,1.935,10.0,0.02,0.0,0
1.56,force,-0.298,0.46,0.04861,2.406,10.0,0.0191,0.2,0
1.57,force,-0.296,0.46,0.04843,2.765,10.0,0.0182,0.2,0
1.58,force,-0.294,0.46,0.04825,3.145,10.0,0.0174,0.2,0
1.59,force,-0.292,0.46,0.04809,3.45,10.0,0.0167,0.2,0
1.6,force,-0.29,0.46,0.04793,3.87,10.0,0.0157,0.2,0
1.61,force,-0.288,0.46,0.04778,4.178,10.0,0.015,0.2,0
1.62,force,-0.286,0.46,0.04764,4.442,10.0,0.0144,0.2,0
1.63,force,-0.284,0.46,0.0475,4.782,10.0,0.0136,0.2,0
1.64,force,-0.282,0.46,0.04737,5.02,10.0,0.013,0.2,0
1.65,force,-0.28,0.46,0.04725,5.214,10.0,0.0126,0.2,0
1.66,force,-0.278,0.46,0.04713,5.527,10.0,0.0118,0.2,0
1.67,force,-0.276,0.46,0.04701,5.697,10.0,0.0115,0.2,0
1.68,force,-0.274,0.46,0.04691,6.018,10.0,0.0107,0.2,0
1.69,force,-0.272,0.46,0.0468,6.185,10.0,0.0103,0.2,0
1.7,force,-0.27,0.46,0.0467,6.385,10.0,0.0098,0.2,0
1.71,force,-0.268,0.46,0.04661,6.557,10.0,0.0095,0.2,0
1.72,force,-0.266,0.46,0.04652,6.841,10.0,0.0088,0.2,0
1.73,force,-0.264,0.46,0.04644,6.948,10.0,0.0085,0.2,0
1.74,force,-0.262,0.46,0.04636,7.105,10.0,0.0082,0.2,0
1.75,force,-0.26,0.46,0.04628,7.272,10.0,0.0078,0.2,0
1.76,force,-0.258,0.46,0.0462,7.472,10.0,0.0073,0.2,0
1.77,force,-0.256,0.46,0.04613,7.61,10.0,0.007,0.2,0
1.78,force,-0.254,0.46,0.04607,7.752,10.0,0.0067,0.2,0
1.79,force,-0.252,0.46,0.046,7.886,10.0,0.0063,0.2,0
1.8,force,-0.25,0.46,0.04595,8.098,10.0,0.0058,0.2,0
1.81,force,-0.248,0.46,0.04589,8.087,10.0,0.0059,0.2,0
1.82,force,-0.246,0.46,0.04583,8.2,10.0,0.0056,0.2,0
1.83,force,-0.244,0.46,0.04578,8.297,10.0,0.0054,0.2,0
1.84,force,-0.242,0.46,0.04573,8.476,10.0,0.005,0.2,0
1.85,force,-0.24,0.46,0.04568,8.601,10.0,0.0047,0.2,0
1.86,force,-0.238,0.46,0.04564,8.632,10.0,0.0046,0.2,0
1.87,force,-0.236,0.46,0.04559,8.687,10.0,0.0045,0.2,0
1.88,force,-0.234,0.46,0.04555,8.777,10.0,0.0043,0.2,0
1.89,force,-0.232,0.46,0.04551,8.936,10.0,0.0039,0.2,0
1.9,force,-0.23,0.46,0.04547,9.018,10.0,0.0037,0.2,0
1.91,force,-0.228,0.46,0.04544,9.081,10.0,0.0035,0.2,0
1.92,force,-0.226,0.46,0.0454,9.091,10.0,0.0035,0.2,0
1.93,force,-0.224,0.46,0.04537,9.206,10.0,0.0032,0.2,0
1.94,force,-0.222,0.46,0.04534,9.265,10.0,0.0031,0.2,0
1.95,force,-0.22,0.46,0.04531,9.332,10.0,0.0029,0.2,0
1.96,force,-0.218,0.46,0.04528,9.423,10.0,0.0027,0.2,0
1.97,force,-0.216,0.46,0.04526,9.445,10.0,0.0027,0.2,0
1.98,force,-0.214,0.46,0.04523,9.521,10.0,0.0025,0.2,0
1.99,force,-0.212,0.46,0.04521,9.54,10.0,0.0024,0.2,0
2.0,force,-0.21,0.46,0.04518,9.599,10.0,0.0023,0.2,0
2.01,force,-0.208,0.46,0.04516,9.662,10.0,0.0021,0.2,0
2.02,force,-0.206,0.46,0.04514,9.6,10.0,0.0023,0.2,0
2.03,force,-0.204,0.46,0.04512,9.703,10.0,0.002,0.2,0
2.04,force,-0.202,0.46,0.0451,9.736,10.0,0.002,0.2,0
2.05,force,-0.2,0.46,0.04508,9.767,10.0,0.0019,0.2,0
2.06,force,-0.198,0.46,0.04506,9.823,10.0,0.0017,0.2,0
2.07,force,-0.196,0.46,0.04505,9.946,10.0,0.0014,0.2,0
2.08,force,-0.194,0.46,0.04503,9.857,10.0,0.0017,0.2,0
2.09,force,-0.192,0.46,0.04502,9.981,10.0,0.0013,0.2,0
2.1,force,-0.19,0.46,0.045,9.876,10.0,0.0016,0.2,0
2.11,force,-0.188,0.46,0.04499,9.975,10.0,0.0014,0.2,0
2.12,force,-0.186,0.46,0.04498,10.028,10.0,0.0012,0.2,0
2.13,force,-0.184,0.46,0.04497,10.073,10.0,0.0011,0.2,0
2.14,force,-0.182,0.46,0.04496,10.102,10.0,0.001,0.2,0
2.15,force,-0.18,0.46,0.04495,10.127,10.0,0.001,0.2,0
2.16,force,-0.178,0.46,0.04494,10.09,10.0,0.0011,0.2,0
2.17,force,-0.176,0.46,0.04493,10.105,10.0,0.001,0.2,0
2.18,force,-0.174,0.46,0.04492,10.192,10.0,0.0008,0.2,0
2.19,force,-0.172,0.46,0.04491,10.156,10.0,0.0009,0.2,0
2.2,force,-0.17,0.46,0.0449,10.12,10.0,0.001,0.2,0
2.21,force,-0.168,0.46,0.04489,10.147,10.0,0.0009,0.2,0
2.22,force,-0.166,0.46,0.04488,10.176,10.0,0.0008,0.2,0
2.23,force,-0.164,0.46,0.04487,10.264,10.0,0.0006,0.2,0
2.24,force,-0.162,0.46,0.04487,10.259,10.0,0.0006,0.2,0
2.25,force,-0.16,0.46,0.04486,10.299,10.0,0.0005,0.2,0
2.26,force,-0.158,0.46,0.04486,10.253,10.0,0.0006,0.2,0
2.27,force,-0.156,0.46,0.04485,10.296,10.0,0.0005,0.2,0
2.28,force,-0.154,0.46,0.04485,10.33,10.0,0.0004,0.2,0
2.29,force,-0.152,0.46,0.04484,10.292,10.0,0.0005,0.2,0
2.3,force,-0.15,0.46,0.04484,10.341,10.0,0.0004,0.2,0
2.31,force,-0.148,0.46,0.04483,10.293,10.0,0.0005,0.2,0
2.32,force,-0.146,0.46,0.04483,10.319,10.0,0.0005,0.2,0
2.33,force,-0.144,0.46,0.04482,10.327,10.0,0.0004,0.2,0
2.34,force,-0.142,0.46,0.04482,10.295,10.0,0.0005,0.2,0
2.35,force,-0.14,0.46,0.04481,10.39,10.0,0.0003,0.2,0
2.36,force,-0.138,0.46,0.04481,10.347,10.0,0.0004,0.2,0
2.37,force,-0.136,0.46,0.04481,10.379,10.0,0.0003,0.2,0
2.38,force,-0.134,0.46,0.04481,10.408,10.0,0.0002,0.2,0
2.39,force,-0.132,0.46,0.0448,10.411,10.0,0.0002,0.2,0
2.4,force,-0.13,0.46,0.0448,10.426,10.0,0.0002,0.2,0
2.41,force,-0.128,0.46,0.0448,10.391,10.0,0.0002,0.2,0
2.42,force,-0.126,0.46,0.0448,10.38,10.0,0.0003,0.2,0
2.43,force,-0.124,0.46,0.04479,10.403,10.0,0.0002,0.2,0
2.44,force,-0.122,0.46,0.04479,10.326,10.0,0.0004,0.2,0
2.45,force,-0.12,0.46,0.04479,10.346,10.0,0.0003,0.2,0
2.46,force,-0.118,0.46,0.04478,10.36,10.0,0.0003,0.2,0
2.47,force,-0.116,0.46,0.04478,10.382,10.0,0.0002,0.2,0
2.48,force,-0.114,0.46,0.04478,10.457,10.0,0.0001,0.2,0
2.49,force,-0.112,0.46,0.04478,10.393,10.0,0.0002,0.2,0
2.5,force,-0.11,0.46,0.04478,10.423,10.0,0.0001,0.2,0
2.51,force,-0.108,0.46,0.04478,10.51,10.0,-0.0001,0.2,0
2.52,force,-0.106,0.46,0.04478,10.425,10.0,0.0001,0.2,0
2.53,force,-0.104,0.46,0.04478,10.482,10.0,-0.0,0.2,0
2.54,force,-0.102,0.46,0.04478,10.398,10.0,0.0002,0.2,0
2.55,force,-0.1,0.46,0.04478,10.438,10.0,0.0001,0.2,0
2.56,force,-0.098,0.46,0.04477,10.402,10.0,0.0002,0.2,0
2.57,force,-0.096,0.46,0.04477,10.436,10.0,0.0001,0.2,0
2.58,force,-0.094,0.46,0.04477,10.497,10.0,-0.0001,0.2,0
2.59,force,-0.092,0.46,0.04477,10.366,10.0,0.0002,0.2,0
2.6,force,-0.09,0.46,0.04477,10.479,10.0,-0.0001,0.2,0
2.61,force,-0.088,0.46,0.04477,10.468,10.0,-0.0,0.2,0
2.62,force,-0.086,0.46,0.04477,10.426,10.0,0.0001,0.2,0
2.63,force,-0.084,0.46,0.04477,10.385,10.0,0.0002,0.2,0
2.64,force,-0.082,0.46,0.04477,10.464,10.0,-0.0,0.2,0
2.65,force,-0.08,0.46,0.04477,10.434,10.0,0.0,0.2,0
2.66,force,-0.078,0.46,0.04477,10.473,10.0,-0.0001,0.2,0
2.67,force,-0.076,0.46,0.04477,10.461,10.0,-0.0,0.2,0
2.68,force,-0.074,0.46,0.04477,10.539,10.0,-0.0002,0.2,0
2.69,force,-0.072,0.46,0.04477,10.442,10.0,0.0,0.2,0
2.7,force,-0.07,0.46,0.04477,10.403,10.0,0.0001,0.2,0
2.71,force,-0.068,0.46,0.04477,10.465,10.0,-0.0001,0.2,0
2.72,force,-0.066,0.46,0.04477,10.466,10.0,-0.0001,0.2,0
2.73,force,-0.064,0.46,0.04478,10.521,10.0,-0.0002,0.2,0
2.74,force,-0.062,0.46,0.04478,10.491,10.0,-0.0001,0.2,0
2.75,force,-0.06,0.46,0.04478,10.464,10.0,-0.0001,0.2,0
2.76,force,-0.058,0.46,0.04478,10.518,10.0,-0.0002,0.2,0
2.77,force,-0.056,0.46,0.04478,10.381,10.0,0.0001,0.2,0
2.78,force,-0.054,0.46,0.04478,10.41,10.0,0.0,0.2,0
2.79,force,-0.052,0.46,0.04478,10.397,10.0,0.0001,0.2,0
2.8,obstacle_avoid,-0.0508,0.46,0.06687,10.425,10.0,0.0,0.12,1
2.81,obstacle_avoid,-0.0496,0.46,0.08012,0.0,10.0,0.0,0.12,1
2.82,obstacle_avoid,-0.0484,0.46,0.08807,0.0,10.0,0.0,0.12,1
2.83,obstacle_avoid,-0.0472,0.46,0.09284,0.0,10.0,0.0,0.12,1
2.84,obstacle_avoid,-0.046,0.46,0.09571,0.0,10.0,0.0,0.12,1
2.85,obstacle_avoid,-0.0448,0.46,0.09742,0.0,10.0,0.0,0.12,1
2.86,obstacle_avoid,-0.0436,0.46,0.09845,0.0,10.0,0.0,0.12,1
2.87,obstacle_avoid,-0.0424,0.46,0.09907,0.0,10.0,0.0,0.12,1
2.88,obstacle_avoid,-0.0412,0.46,0.09944,0.0,10.0,0.0,0.12,1
2.89,obstacle_avoid,-0.04,0.46,0.09967,0.0,10.0,0.0,0.12,1
2.9,obstacle_avoid,-0.0388,0.46,0.0998,0.0,10.0,0.0,0.12,1
2.91,obstacle_avoid,-0.0376,0.46,0.09988,0.0,10.0,0.0,0.12,1
2.92,obstacle_avoid,-0.0364,0.46,0.09993,0.0,10.0,0.0,0.12,1
2.93,obstacle_avoid,-0.0352,0.46,0.09996,0.0,10.0,0.0,0.12,1
2.94,obstacle_avoid,-0.034,0.46,0.09997,0.0,10.0,0.0,0.12,1
2.95,obstacle_avoid,-0.0328,0.46,0.09998,0.0,10.0,0.0,0.12,1
2.96,obstacle_avoid,-0.0316,0.46,0.09999,0.0,10.0,0.0,0.12,1
2.97,obstacle_avoid,-0.0304,0.46,0.09999,0.0,10.0,0.0,0.12,1
2.98,obstacle_avoid,-0.0292,0.46,0.1,0.0,10.0,0.0,0.12,1
2.99,obstacle_avoid,-0.028,0.46,0.1,0.0,10.0,0.0,0.12,1
3.0,obstacle_avoid,-0.0268,0.46,0.1,0.0,10.0,0.0,0.12,1
3.01,obstacle_avoid,-0.0256,0.46,0.1,0.0,10.0,0.0,0.12,1
3.02,obstacle_avoid,-0.0244,0.46,0.1,0.0,10.0,0.0,0.12,1
3.03,obstacle_avoid,-0.0232,0.46,0.1,0.0,10.0,0.0,0.12,1
3.04,obstacle_avoid,-0.022,0.46,0.1,0.0,10.0,0.0,0.12,1
3.05,obstacle_avoid,-0.0208,0.46,0.1,0.0,10.0,0.0,0.12,1
3.06,obstacle_avoid,-0.0196,0.46,0.1,0.0,10.0,0.0,0.12,1
3.07,obstacle_avoid,-0.0184,0.46,0.1,0.0,10.0,0.0,0.12,1
3.08,obstacle_avoid,-0.0172,0.46,0.1,0.0,10.0,0.0,0.12,1
3.09,obstacle_avoid,-0.016,0.46,0.1,0.0,10.0,0.0,0.12,1
3.1,obstacle_avoid,-0.0148,0.46,0.1,0.0,10.0,0.0,0.12,1
3.11,obstacle_avoid,-0.0136,0.46,0.1,0.0,10.0,0.0,0.12,1
3.12,obstacle_avoid,-0.0124,0.46,0.1,0.0,10.0,0.0,0.12,1
3.13,obstacle_avoid,-0.0112,0.46,0.1,0.0,10.0,0.0,0.12,1
3.14,obstacle_avoid,-0.01,0.46,0.1,0.0,10.0,0.0,0.12,1
3.15,obstacle_avoid,-0.0088,0.46,0.1,0.0,10.0,0.0,0.12,1
3.16,obstacle_avoid,-0.0076,0.46,0.1,0.0,10.0,0.0,0.12,1
3.17,obstacle_avoid,-0.0064,0.46,0.1,0.0,10.0,0.0,0.12,1
3.18,obstacle_avoid,-0.0052,0.46,0.1,0.0,10.0,0.0,0.12,1
3.19,obstacle_avoid,-0.004,0.46,0.1,0.0,10.0,0.0,0.12,1
3.2,obstacle_avoid,-0.0028,0.46,0.1,0.0,10.0,0.0,0.12,1
3.21,obstacle_avoid,-0.0016,0.46,0.1,0.0,10.0,0.0,0.12,1
3.22,obstacle_avoid,-0.0004,0.46,0.1,0.0,10.0,0.0,0.12,1
3.23,obstacle_avoid,0.0008,0.46,0.1,0.0,10.0,0.0,0.12,1
3.24,obstacle_avoid,0.002,0.46,0.1,0.0,10.0,0.0,0.12,1
3.25,obstacle_avoid,0.0032,0.46,0.1,0.0,10.0,0.0,0.12,1
3.26,obstacle_avoid,0.0044,0.46,0.1,0.0,10.0,0.0,0.12,1
3.27,obstacle_avoid,0.0056,0.46,0.1,0.0,10.0,0.0,0.12,1
3.28,obstacle_avoid,0.0068,0.46,0.1,0.0,10.0,0.0,0.12,1
3.29,obstacle_avoid,0.008,0.46,0.1,0.0,10.0,0.0,0.12,1
3.3,obstacle_avoid,0.0092,0.46,0.1,0.0,10.0,0.0,0.12,1
3.31,approach,0.0092,0.46,0.0998,0.0,10.0,0.02,0.0,0
3.32,approach,0.0092,0.46,0.0996,0.0,10.0,0.02,0.0,0
3.33,approach,0.0092,0.46,0.0994,0.0,10.0,0.02,0.0,0
3.34,approach,0.0092,0.46,0.0992,0.0,10.0,0.02,0.0,0
3.35,approach,0.0092,0.46,0.099,0.0,10.0,0.02,0.0,0
3.36,approach,0.0092,0.46,0.0988,0.0,10.0,0.02,0.0,0
3.37,approach,0.0092,0.46,0.0986,0.0,10.0,0.02,0.0,0
3.38,approach,0.0092,0.46,0.0984,0.0,10.0,0.02,0.0,0
3.39,approach,0.0092,0.46,0.0982,0.0,10.0,0.02,0.0,0
3.4,approach,0.0092,0.46,0.098,0.0,10.0,0.02,0.0,0
3.41,approach,0.0092,0.46,0.0978,0.0,10.0,0.02,0.0,0
3.42,approach,0.0092,0.46,0.0976,0.0,10.0,0.02,0.0,0
3.43,approach,0.0092,0.46,0.0974,0.0,10.0,0.02,0.0,0
3.44,approach,0.0092,0.46,0.0972,0.0,10.0,0.02,0.0,0
3.45,approach,0.0092,0.46,0.097,0.0,10.0,0.02,0.0,0
3.46,approach,0.0092,0.46,0.0968,0.0,10.0,0.02,0.0,0
3.47,approach,0.0092,0.46,0.0966,0.0,10.0,0.02,0.0,0
3.48,approach,0.0092,0.46,0.0964,0.0,10.0,0.02,0.0,0
3.49,approach,0.0092,0.46,0.0962,0.0,10.0,0.02,0.0,0
3.5,approach,0.0092,0.46,0.096,0.0,10.0,0.02,0.0,0
3.51,approach,0.0092,0.46,0.0958,0.0,10.0,0.02,0.0,0
3.52,approach,0.0092,0.46,0.0956,0.0,10.0,0.02,0.0,0
3.53,approach,0.0092,0.46,0.0954,0.0,10.0,0.02,0.0,0
3.54,approach,0.0092,0.46,0.0952,0.0,10.0,0.02,0.0,0
3.55,approach,0.0092,0.46,0.095,0.0,10.0,0.02,0.0,0
3.56,approach,0.0092,0.46,0.0948,0.0,10.0,0.02,0.0,0
3.57,approach,0.0092,0.46,0.0946,0.0,10.0,0.02,0.0,0
3.58,approach,0.0092,0.46,0.0944,0.0,10.0,0.02,0.0,0
3.59,approach,0.0092,0.46,0.0942,0.0,10.0,0.02,0.0,0
3.6,approach,0.0092,0.46,0.094,0.0,10.0,0.02,0.0,0
3.61,approach,0.0092,0.46,0.0938,0.0,10.0,0.02,0.0,0
3.62,approach,0.0092,0.46,0.0936,0.0,10.0,0.02,0.0,0
3.63,approach,0.0092,0.46,0.0934,0.0,10.0,0.02,0.0,0
3.64,approach,0.0092,0.46,0.0932,0.0,10.0,0.02,0.0,0
3.65,approach,0.0092,0.46,0.093,0.0,10.0,0.02,0.0,0
3.66,approach,0.0092,0.46,0.0928,0.0,10.0,0.02,0.0,0
3.67,approach,0.0092,0.46,0.0926,0.0,10.0,0.02,0.0,0
3.68,approach,0.0092,0.46,0.0924,0.0,10.0,0.02,0.0,0
3.69,approach,0.0092,0.46,0.0922,0.0,10.0,0.02,0.0,0
3.7,approach,0.0092,0.46,0.092,0.0,10.0,0.02,0.0,0
3.71,approach,0.0092,0.46,0.0918,0.0,10.0,0.02,0.0,0
3.72,approach,0.0092,0.46,0.0916,0.0,10.0,0.02,0.0,0
3.73,approach,0.0092,0.46,0.0914,0.0,10.0,0.02,0.0,0
3.74,approach,0.0092,0.46,0.0912,0.0,10.0,0.02,0.0,0
3.75,approach,0.0092,0.46,0.091,0.0,10.0,0.02,0.0,0
3.76,approach,0.0092,0.46,0.0908,0.0,10.0,0.02,0.0,0
3.77,approach,0.0092,0.46,0.0906,0.0,10.0,0.02,0.0,0
3.78,approach,0.0092,0.46,0.0904,0.0,10.0,0.02,0.0,0
3.79,approach,0.0092,0.46,0.0902,0.0,10.0,0.02,0.0,0
3.8,approach,0.0092,0.46,0.09,0.0,10.0,0.02,0.0,0
3.81,approach,0.0092,0.46,0.0898,0.0,10.0,0.02,0.0,0
3.82,approach,0.0092,0.46,0.0896,0.0,10.0,0.02,0.0,0
3.83,approach,0.0092,0.46,0.0894,0.0,10.0,0.02,0.0,0
3.84,approach,0.0092,0.46,0.0892,0.0,10.0,0.02,0.0,0
3.85,approach,0.0092,0.46,0.089,0.0,10.0,0.02,0.0,0
3.86,approach,0.0092,0.46,0.0888,0.0,10.0,0.02,0.0,0
3.87,approach,0.0092,0.46,0.0886,0.0,10.0,0.02,0.0,0
3.88,approach,0.0092,0.46,0.0884,0.0,10.0,0.02,0.0,0
3.89,approach,0.0092,0.46,0.0882,0.0,10.0,0.02,0.0,0
3.9,approach,0.0092,0.46,0.088,0.0,10.0,0.02,0.0,0
3.91,approach,0.0092,0.46,0.0878,0.0,10.0,0.02,0.0,0
3.92,approach,0.0092,0.46,0.0876,0.0,10.0,0.02,0.0,0
3.93,approach,0.0092,0.46,0.0874,0.0,10.0,0.02,0.0,0
3.94,approach,0.0092,0.46,0.0872,0.0,10.0,0.02,0.0,0
3.95,approach,0.0092,0.46,0.087,0.0,10.0,0.02,0.0,0
3.96,approach,0.0092,0.46,0.0868,0.0,10.0,0.02,0.0,0
3.97,approach,0.0092,0.46,0.0866,0.0,10.0,0.02,0.0,0
3.98,approach,0.0092,0.46,0.0864,0.0,10.0,0.02,0.0,0
3.99,approach,0.0092,0.46,0.0862,0.0,10.0,0.02,0.0,0
4.0,approach,0.0092,0.46,0.086,0.0,10.0,0.02,0.0,0
4.01,approach,0.0092,0.46,0.0858,0.0,10.0,0.02,0.0,0
4.02,approach,0.0092,0.46,0.0856,0.0,10.0,0.02,0.0,0
4.03,approach,0.0092,0.46,0.0854,0.0,10.0,0.02,0.0,0
4.04,approach,0.0092,0.46,0.0852,0.0,10.0,0.02,0.0,0
4.05,approach,0.0092,0.46,0.085,0.0,10.0,0.02,0.0,0
4.06,approach,0.0092,0.46,0.0848,0.0,10.0,0.02,0.0,0
4.07,approach,0.0092,0.46,0.0846,0.0,10.0,0.02,0.0,0
4.08,approach,0.0092,0.46,0.0844,0.0,10.0,0.02,0.0,0
4.09,approach,0.0092,0.46,0.0842,0.0,10.0,0.02,0.0,0
4.1,approach,0.0092,0.46,0.084,0.0,10.0,0.02,0.0,0
4.11,approach,0.0092,0.46,0.0838,0.0,10.0,0.02,0.0,0
4.12,approach,0.0092,0.46,0.0836,0.0,10.0,0.02,0.0,0
4.13,approach,0.0092,0.46,0.0834,0.0,10.0,0.02,0.0,0
4.14,approach,0.0092,0.46,0.0832,0.0,10.0,0.02,0.0,0
4.15,approach,0.0092,0.46,0.083,0.0,10.0,0.02,0.0,0
4.16,approach,0.0092,0.46,0.0828,0.0,10.0,0.02,0.0,0
4.17,approach,0.0092,0.46,0.0826,0.0,10.0,0.02,0.0,0
4.18,approach,0.0092,0.46,0.0824,0.0,10.0,0.02,0.0,0
4.19,approach,0.0092,0.46,0.0822,0.0,10.0,0.02,0.0,0
4.2,approach,0.0092,0.46,0.082,0.0,10.0,0.02,0.0,0
4.21,approach,0.0092,0.46,0.0818,0.0,10.0,0.02,0.0,0
4.22,approach,0.0092,0.46,0.0816,0.0,10.0,0.02,0.0,0
4.23,approach,0.0092,0.46,0.0814,0.0,10.0,0.02,0.0,0
4.24,approach,0.0092,0.46,0.0812,0.0,10.0,0.02,0.0,0
4.25,approach,0.0092,0.46,0.081,0.0,10.0,0.02,0.0,0
4.26,approach,0.0092,0.46,0.0808,0.0,10.0,0.02,0.0,0
4.27,approach,0.0092,0.46,0.0806,0.0,10.0,0.02,0.0,0
4.28,approach,0.0092,0.46,0.0804,0.0,10.0,0.02,0.0,0
4.29,approach,0.0092,0.46,0.0802,0.0,10.0,0.02,0.0,0
4.3,approach,0.0092,0.46,0.08,0.0,10.0,0.02,0.0,0
4.31,approach,0.0092,0.46,0.0798,0.0,10.0,0.02,0.0,0
4.32,approach,0.0092,0.46,0.0796,0.0,10.0,0.02,0.0,0
4.33,approach,0.0092,0.46,0.0794,0.0,10.0,0.02,0.0,0
4.34,approach,0.0092,0.46,0.0792,0.0,10.0,0.02,0.0,0
4.35,approach,0.0092,0.46,0.079,0.0,10.0,0.02,0.0,0
4.36,approach,0.0092,0.46,0.0788,0.0,10.0,0.02,0.0,0
4.37,approach,0.0092,0.46,0.0786,0.0,10.0,0.02,0.0,0
4.38,approach,0.0092,0.46,0.0784,0.0,10.0,0.02,0.0,0
4.39,approach,0.0092,0.46,0.0782,0.0,10.0,0.02,0.0,0
4.4,approach,0.0092,0.46,0.078,0.0,10.0,0.02,0.0,0
4.41,approach,0.0092,0.46,0.0778,0.0,10.0,0.02,0.0,0
4.42,approach,0.0092,0.46,0.0776,0.0,10.0,0.02,0.0,0
4.43,approach,0.0092,0.46,0.0774,0.0,10.0,0.02,0.0,0
4.44,approach,0.0092,0.46,0.0772,0.0,10.0,0.02,0.0,0
4.45,approach,0.0092,0.46,0.077,0.0,10.0,0.02,0.0,0
4.46,approach,0.0092,0.46,0.0768,0.0,10.0,0.02,0.0,0
4.47,approach,0.0092,0.46,0.0766,0.0,10.0,0.02,0.0,0
4.48,approach,0.0092,0.46,0.0764,0.0,10.0,0.02,0.0,0
4.49,approach,0.0092,0.46,0.0762,0.0,10.0,0.02,0.0,0
4.5,approach,0.0092,0.46,0.076,0.0,10.0,0.02,0.0,0
4.51,approach,0.0092,0.46,0.0758,0.0,10.0,0.02,0.0,0
4.52,approach,0.0092,0.46,0.0756,0.0,10.0,0.02,0.0,0
4.53,approach,0.0092,0.46,0.0754,0.0,10.0,0.02,0.0,0
4.54,approach,0.0092,0.46,0.0752,0.0,10.0,0.02,0.0,0
4.55,approach,0.0092,0.46,0.075,0.0,10.0,0.02,0.0,0
4.56,approach,0.0092,0.46,0.0748,0.0,10.0,0.02,0.0,0
4.57,approach,0.0092,0.46,0.0746,0.0,10.0,0.02,0.0,0
4.58,approach,0.0092,0.46,0.0744,0.0,10.0,0.02,0.0,0
4.59,approach,0.0092,0.46,0.0742,0.0,10.0,0.02,0.0,0
4.6,approach,0.0092,0.46,0.074,0.0,10.0,0.02,0.0,0
4.61,approach,0.0092,0.46,0.0738,0.0,10.0,0.02,0.0,0
4.62,approach,0.0092,0.46,0.0736,0.0,10.0,0.02,0.0,0
4.63,approach,0.0092,0.46,0.0734,0.0,10.0,0.02,0.0,0
4.64,approach,0.0092,0.46,0.0732,0.0,10.0,0.02,0.0,0
4.65,approach,0.0092,0.46,0.073,0.0,10.0,0.02,0.0,0
4.66,approach,0.0092,0.46,0.0728,0.0,10.0,0.02,0.0,0
4.67,approach,0.0092,0.46,0.0726,0.0,10.0,0.02,0.0,0
4.68,approach,0.0092,0.46,0.0724,0.0,10.0,0.02,0.0,0
4.69,approach,0.0092,0.46,0.0722,0.0,10.0,0.02,0.0,0
4.7,approach,0.0092,0.46,0.072,0.0,10.0,0.02,0.0,0
4.71,approach,0.0092,0.46,0.0718,0.0,10.0,0.02,0.0,0
4.72,approach,0.0092,0.46,0.0716,0.0,10.0,0.02,0.0,0
4.73,approach,0.0092,0.46,0.0714,0.0,10.0,0.02,0.0,0
4.74,approach,0.0092,0.46,0.0712,0.0,10.0,0.02,0.0,0
4.75,approach,0.0092,0.46,0.071,0.0,10.0,0.02,0.0,0
4.76,approach,0.0092,0.46,0.0708,0.0,10.0,0.02,0.0,0
4.77,approach,0.0092,0.46,0.0706,0.0,10.0,0.02,0.0,0
4.78,approach,0.0092,0.46,0.0704,0.0,10.0,0.02,0.0,0
4.79,approach,0.0092,0.46,0.0702,0.0,10.0,0.02,0.0,0
4.8,approach,0.0092,0.46,0.07,0.0,10.0,0.02,0.0,0
4.81,approach,0.0092,0.46,0.0698,0.0,10.0,0.02,0.0,0
4.82,approach,0.0092,0.46,0.0696,0.0,10.0,0.02,0.0,0
4.83,approach,0.0092,0.46,0.0694,0.0,10.0,0.02,0.0,0
4.84,approach,0.0092,0.46,0.0692,0.0,10.0,0.02,0.0,0
4.85,approach,0.0092,0.46,0.069,0.0,10.0,0.02,0.0,0
4.86,approach,0.0092,0.46,0.0688,0.0,10.0,0.02,0.0,0
4.87,approach,0.0092,0.46,0.0686,0.0,10.0,0.02,0.0,0
4.88,approach,0.0092,0.46,0.0684,0.0,10.0,0.02,0.0,0
4.89,approach,0.0092,0.46,0.0682,0.0,10.0,0.02,0.0,0
4.9,approach,0.0092,0.46,0.068,0.0,10.0,0.02,0.0,0
4.91,approach,0.0092,0.46,0.0678,0.0,10.0,0.02,0.0,0
4.92,approach,0.0092,0.46,0.0676,0.0,10.0,0.02,0.0,0
4.93,approach,0.0092,0.46,0.0674,0.0,10.0,0.02,0.0,0
4.94,approach,0.0092,0.46,0.0672,0.0,10.0,0.02,0.0,0
4.95,approach,0.0092,0.46,0.067,0.0,10.0,0.02,0.0,0
4.96,approach,0.0092,0.46,0.0668,0.0,10.0,0.02,0.0,0
4.97,approach,0.0092,0.46,0.0666,0.0,10.0,0.02,0.0,0
4.98,approach,0.0092,0.46,0.0664,0.0,10.0,0.02,0.0,0
4.99,approach,0.0092,0.46,0.0662,0.0,10.0,0.02,0.0,0
5.0,approach,0.0092,0.46,0.066,0.0,10.0,0.02,0.0,0
5.01,approach,0.0092,0.46,0.0658,0.0,10.0,0.02,0.0,0
5.02,approach,0.0092,0.46,0.0656,0.0,10.0,0.02,0.0,0
5.03,approach,0.0092,0.46,0.0654,0.0,10.0,0.02,0.0,0
5.04,approach,0.0092,0.46,0.0652,0.0,10.0,0.02,0.0,0
5.05,approach,0.0092,0.46,0.065,0.0,10.0,0.02,0.0,0
5.06,approach,0.0092,0.46,0.0648,0.0,10.0,0.02,0.0,0
5.07,approach,0.0092,0.46,0.0646,0.0,10.0,0.02,0.0,0
5.08,approach,0.0092,0.46,0.0644,0.0,10.0,0.02,0.0,0
5.09,approach,0.0092,0.46,0.0642,0.0,10.0,0.02,0.0,0
5.1,approach,0.0092,0.46,0.064,0.0,10.0,0.02,0.0,0
5.11,approach,0.0092,0.46,0.0638,0.0,10.0,0.02,0.0,0
5.12,approach,0.0092,0.46,0.0636,0.0,10.0,0.02,0.0,0
5.13,approach,0.0092,0.46,0.0634,0.0,10.0,0.02,0.0,0
5.14,approach,0.0092,0.46,0.0632,0.0,10.0,0.02,0.0,0
5.15,approach,0.0092,0.46,0.063,0.0,10.0,0.02,0.0,0
5.16,approach,0.0092,0.46,0.0628,0.0,10.0,0.02,0.0,0
5.17,approach,0.0092,0.46,0.0626,0.0,10.0,0.02,0.0,0
5.18,approach,0.0092,0.46,0.0624,0.0,10.0,0.02,0.0,0
5.19,approach,0.0092,0.46,0.0622,0.0,10.0,0.02,0.0,0
5.2,approach,0.0092,0.46,0.062,0.0,10.0,0.02,0.0,0
5.21,approach,0.0092,0.46,0.0618,0.0,10.0,0.02,0.0,0
5.22,approach,0.0092,0.46,0.0616,0.0,10.0,0.02,0.0,0
5.23,approach,0.0092,0.46,0.0614,0.0,10.0,0.02,0.0,0
5.24,approach,0.0092,0.46,0.0612,0.0,10.0,0.02,0.0,0
5.25,approach,0.0092,0.46,0.061,0.0,10.0,0.02,0.0,0
5.26,approach,0.0092,0.46,0.0608,0.0,10.0,0.02,0.0,0
5.27,approach,0.0092,0.46,0.0606,0.0,10.0,0.02,0.0,0
5.28,approach,0.0092,0.46,0.0604,0.0,10.0,0.02,0.0,0
5.29,approach,0.0092,0.46,0.0602,0.0,10.0,0.02,0.0,0
5.3,approach,0.0092,0.46,0.06,0.0,10.0,0.02,0.0,0
5.31,approach,0.0092,0.46,0.0598,0.0,10.0,0.02,0.0,0
5.32,approach,0.0092,0.46,0.0596,0.0,10.0,0.02,0.0,0
5.33,approach,0.0092,0.46,0.0594,0.0,10.0,0.02,0.0,0
5.34,approach,0.0092,0.46,0.0592,0.0,10.0,0.02,0.0,0
5.35,approach,0.0092,0.46,0.059,0.0,10.0,0.02,0.0,0
5.36,approach,0.0092,0.46,0.0588,0.0,10.0,0.02,0.0,0
5.37,approach,0.0092,0.46,0.0586,0.0,10.0,0.02,0.0,0
5.38,approach,0.0092,0.46,0.0584,0.0,10.0,0.02,0.0,0
5.39,approach,0.0092,0.46,0.0582,0.0,10.0,0.02,0.0,0
5.4,approach,0.0092,0.46,0.058,0.0,10.0,0.02,0.0,0
5.41,approach,0.0092,0.46,0.0578,0.0,10.0,0.02,0.0,0
5.42,approach,0.0092,0.46,0.0576,0.0,10.0,0.02,0.0,0
5.43,approach,0.0092,0.46,0.0574,0.0,10.0,0.02,0.0,0
5.44,approach,0.0092,0.46,0.0572,0.0,10.0,0.02,0.0,0
5.45,approach,0.0092,0.46,0.057,0.0,10.0,0.02,0.0,0
5.46,approach,0.0092,0.46,0.0568,0.0,10.0,0.02,0.0,0
5.47,approach,0.0092,0.46,0.0566,0.0,10.0,0.02,0.0,0
5.48,approach,0.0092,0.46,0.0564,0.0,10.0,0.02,0.0,0
5.49,approach,0.0092,0.46,0.0562,0.0,10.0,0.02,0.0,0
5.5,approach,0.0092,0.46,0.056,0.0,10.0,0.02,0.0,0
5.51,approach,0.0092,0.46,0.0558,0.0,10.0,0.02,0.0,0
5.52,approach,0.0092,0.46,0.0556,0.0,10.0,0.02,0.0,0
5.53,approach,0.0092,0.46,0.0554,0.0,10.0,0.02,0.0,0
5.54,approach,0.0092,0.46,0.0552,0.0,10.0,0.02,0.0,0
5.55,approach,0.0092,0.46,0.055,0.0,10.0,0.02,0.0,0
5.56,approach,0.0092,0.46,0.0548,0.0,10.0,0.02,0.0,0
5.57,approach,0.0092,0.46,0.0546,0.0,10.0,0.02,0.0,0
5.58,approach,0.0092,0.46,0.0544,0.0,10.0,0.02,0.0,0
5.59,approach,0.0092,0.46,0.0542,0.0,10.0,0.02,0.0,0
5.6,approach,0.0092,0.46,0.054,0.0,10.0,0.02,0.0,0
5.61,approach,0.0092,0.46,0.0538,0.0,10.0,0.02,0.0,0
5.62,approach,0.0092,0.46,0.0536,0.0,10.0,0.02,0.0,0
5.63,approach,0.0092,0.46,0.0534,0.0,10.0,0.02,0.0,0
5.64,approach,0.0092,0.46,0.0532,0.0,10.0,0.02,0.0,0
5.65,approach,0.0092,0.46,0.053,0.0,10.0,0.02,0.0,0
5.66,approach,0.0092,0.46,0.0528,0.0,10.0,0.02,0.0,0
5.67,approach,0.0092,0.46,0.0526,0.0,10.0,0.02,0.0,0
5.68,approach,0.0092,0.46,0.0524,0.0,10.0,0.02,0.0,0
5.69,approach,0.0092,0.46,0.0522,0.0,10.0,0.02,0.0,0
5.7,approach,0.0092,0.46,0.052,0.0,10.0,0.02,0.0,0
5.71,approach,0.0092,0.46,0.0518,0.0,10.0,0.02,0.0,0
5.72,approach,0.0092,0.46,0.0516,0.0,10.0,0.02,0.0,0
5.73,approach,0.0092,0.46,0.0514,0.0,10.0,0.02,0.0,0
5.74,approach,0.0092,0.46,0.0512,0.0,10.0,0.02,0.0,0
5.75,approach,0.0092,0.46,0.051,0.0,10.0,0.02,0.0,0
5.76,approach,0.0092,0.46,0.0508,0.0,10.0,0.02,0.0,0
5.77,approach,0.0092,0.46,0.0506,0.0,10.0,0.02,0.0,0
5.78,approach,0.0092,0.46,0.0504,0.0,10.0,0.02,0.0,0
5.79,approach,0.0092,0.46,0.0502,0.0,10.0,0.02,0.0,0
5.8,approach,0.0092,0.46,0.05,0.0,10.0,0.02,0.0,0
5.81,approach,0.0092,0.46,0.0498,-0.069,10.0,0.02,0.0,0
5.82,approach,0.0092,0.46,0.0496,0.432,10.0,0.02,0.0,0
5.83,approach,0.0092,0.46,0.0494,0.789,10.0,0.02,0.0,0
5.84,approach,0.0092,0.46,0.0492,1.126,10.0,0.02,0.0,0
5.85,approach,0.0092,0.46,0.049,1.549,10.0,0.02,0.0,0
5.86,force,0.0112,0.46,0.0488,2.016,10.0,0.02,0.2,0
5.87,force,0.0132,0.46,0.04861,2.443,10.0,0.019,0.2,0
5.88,force,0.0152,0.46,0.04843,2.882,10.0,0.018,0.2,0
5.89,force,0.0172,0.46,0.04826,3.288,10.0,0.0171,0.2,0
5.9,force,0.0192,0.46,0.04809,3.504,10.0,0.0166,0.2,0
5.91,force,0.0212,0.46,0.04793,3.766,10.0,0.016,0.2,0
5.92,force,0.0232,0.46,0.04778,4.029,10.0,0.0154,0.2,0
5.93,force,0.0252,0.46,0.04763,4.457,10.0,0.0144,0.2,0
5.94,force,0.0272,0.46,0.0475,4.691,10.0,0.0139,0.2,0
5.95,force,0.0292,0.46,0.04736,4.988,10.0,0.0132,0.2,0
5.96,force,0.0312,0.46,0.04724,5.242,10.0,0.0126,0.2,0
5.97,force,0.0332,0.46,0.04712,5.517,10.0,0.0119,0.2,0
5.98,force,0.0352,0.46,0.04701,5.816,10.0,0.0112,0.2,0
5.99,force,0.0372,0.46,0.0469,5.995,10.0,0.0108,0.2,0
6.0,force,0.0392,0.46,0.04679,6.196,10.0,0.0104,0.2,0
6.01,force,0.0412,0.46,0.04669,6.359,10.0,0.01,0.2,0
6.02,force,0.0432,0.46,0.0466,6.527,10.0,0.0096,0.2,0
6.03,force,0.0452,0.46,0.04651,6.779,10.0,0.009,0.2,0
6.04,force,0.0472,0.46,0.04642,6.981,10.0,0.0085,0.2,0
6.05,force,0.0492,0.46,0.04634,7.242,10.0,0.0079,0.2,0
6.06,force,0.0512,0.46,0.04627,7.319,10.0,0.0077,0.2,0
6.07,force,0.0532,0.46,0.04619,7.516,10.0,0.0073,0.2,0
6.08,force,0.0552,0.46,0.04612,7.587,10.0,0.0071,0.2,0
6.09,force,0.0572,0.46,0.04605,7.696,10.0,0.0069,0.2,0
6.1,force,0.0592,0.46,0.04599,7.844,10.0,0.0065,0.2,0
6.11,force,0.0612,0.46,0.04593,7.986,10.0,0.0062,0.2,0
6.12,force,0.0632,0.46,0.04587,8.253,10.0,0.0055,0.2,0
6.13,force,0.0652,0.46,0.04581,8.216,10.0,0.0056,0.2,0
6.14,force,0.0672,0.46,0.04576,8.412,10.0,0.0052,0.2,0
6.15,force,0.0692,0.46,0.04571,8.429,10.0,0.0051,0.2,0
6.16,force,0.0712,0.46,0.04566,8.623,10.0,0.0047,0.2,0
6.17,force,0.0732,0.46,0.04562,8.689,10.0,0.0045,0.2,0
6.18,force,0.0752,0.46,0.04558,8.753,10.0,0.0044,0.2,0
6.19,force,0.0772,0.46,0.04553,8.846,10.0,0.0042,0.2,0
6.2,force,0.0792,0.46,0.04549,8.899,10.0,0.004,0.2,0
6.21,force,0.0812,0.46,0.04546,9.034,10.0,0.0037,0.2,0
6.22,force,0.0832,0.46,0.04542,9.063,10.0,0.0036,0.2,0
6.23,force,0.0852,0.46,0.04538,9.098,10.0,0.0036,0.2,0
6.24,force,0.0872,0.46,0.04535,9.166,10.0,0.0034,0.2,0
6.25,force,0.0892,0.46,0.04532,9.307,10.0,0.0031,0.2,0
6.26,force,0.0912,0.46,0.04529,9.438,10.0,0.0027,0.2,0
6.27,force,0.0932,0.46,0.04527,9.422,10.0,0.0028,0.2,0
6.28,force,0.0952,0.46,0.04524,9.464,10.0,0.0027,0.2,0
6.29,force,0.0972,0.46,0.04521,9.538,10.0,0.0025,0.2,0
6.3,force,0.0992,0.46,0.04519,9.639,10.0,0.0023,0.2,0
6.31,force,0.1012,0.46,0.04517,9.63,10.0,0.0023,0.2,0
6.32,force,0.1032,0.46,0.04515,9.644,10.0,0.0022,0.2,0
6.33,force,0.1052,0.46,0.04513,9.765,10.0,0.0019,0.2,0
6.34,force,0.1072,0.46,0.04511,9.77,10.0,0.0019,0.2,0
6.35,force,0.1092,0.46,0.04509,9.864,10.0,0.0017,0.2,0
6.36,force,0.1112,0.46,0.04507,9.83,10.0,0.0018,0.2,0
6.37,force,0.1132,0.46,0.04505,9.796,10.0,0.0019,0.2,0
6.38,force,0.1152,0.46,0.04503,9.826,10.0,0.0018,0.2,0
6.39,force,0.1172,0.46,0.04502,10.013,10.0,0.0013,0.2,0
6.4,force,0.1192,0.46,0.04501,10.043,10.0,0.0013,0.2,0
6.41,force,0.1212,0.46,0.04499,9.973,10.0,0.0014,0.2,0
6.42,force,0.1232,0.46,0.04498,9.992,10.0,0.0014,0.2,0
6.43,force,0.1252,0.46,0.04497,10.112,10.0,0.0011,0.2,0
6.44,force,0.1272,0.46,0.04496,10.005,10.0,0.0014,0.2,0
6.45,force,0.1292,0.46,0.04494,10.043,10.0,0.0013,0.2,0
6.46,force,0.1312,0.46,0.04493,10.145,10.0,0.001,0.2,0
6.47,force,0.1332,0.46,0.04492,10.113,10.0,0.0011,0.2,0
6.48,force,0.1352,0.46,0.04491,10.154,10.0,0.001,0.2,0
6.49,force,0.1372,0.46,0.0449,10.166,10.0,0.0009,0.2,0
6.5,force,0.1392,0.46,0.0449,10.21,10.0,0.0008,0.2,0
6.51,force,0.1412,0.46,0.04489,10.28,10.0,0.0007,0.2,0
6.52,force,0.1432,0.46,0.04488,10.227,10.0,0.0008,0.2,0
6.53,force,0.1452,0.46,0.04487,10.271,10.0,0.0007,0.2,0
6.54,force,0.1472,0.46,0.04486,10.15,10.0,0.001,0.2,0
6.55,force,0.1492,0.46,0.04486,10.269,10.0,0.0007,0.2,0
6.56,force,0.1512,0.46,0.04485,10.243,10.0,0.0007,0.2,0
6.57,force,0.1532,0.46,0.04484,10.239,10.0,0.0007,0.2,0
6.58,force,0.1552,0.46,0.04484,10.271,10.0,0.0007,0.2,0
6.59,force,0.1572,0.46,0.04483,10.311,10.0,0.0006,0.2,0
6.6,force,0.1592,0.46,0.04483,10.385,10.0,0.0004,0.2,0
6.61,force,0.1612,0.46,0.04482,10.28,10.0,0.0006,0.2,0
6.62,force,0.1632,0.46,0.04482,10.361,10.0,0.0004,0.2,0
6.63,force,0.1652,0.46,0.04481,10.344,10.0,0.0005,0.2,0
6.64,force,0.1672,0.46,0.04481,10.361,10.0,0.0004,0.2,0
6.65,force,0.1692,0.46,0.04481,10.436,10.0,0.0002,0.2,0
6.66,force,0.1712,0.46,0.0448,10.417,10.0,0.0003,0.2,0
6.67,force,0.1732,0.46,0.0448,10.462,10.0,0.0002,0.2,0
6.68,force,0.1752,0.46,0.0448,10.391,10.0,0.0003,0.2,0
6.69,force,0.1772,0.46,0.04479,10.37,10.0,0.0004,0.2,0
6.7,force,0.1792,0.46,0.04479,10.401,10.0,0.0003,0.2,0
6.71,force,0.1812,0.46,0.04479,10.43,10.0,0.0002,0.2,0
6.72,force,0.1832,0.46,0.04479,10.431,10.0,0.0002,0.2,0
6.73,force,0.1852,0.46,0.04478,10.372,10.0,0.0004,0.2,0
6.74,force,0.1872,0.46,0.04478,10.438,10.0,0.0002,0.2,0
6.75,force,0.1892,0.46,0.04478,10.449,10.0,0.0002,0.2,0
6.76,force,0.1912,0.46,0.04478,10.566,10.0,-0.0001,0.2,0
6.77,force,0.1932,0.46,0.04478,10.531,10.0,-0.0001,0.2,0
6.78,force,0.1952,0.46,0.04478,10.393,10.0,0.0003,0.2,0
6.79,force,0.1972,0.46,0.04478,10.427,10.0,0.0002,0.2,0
6.8,force,0.1992,0.46,0.04477,10.372,10.0,0.0003,0.2,0
6.81,force,0.2012,0.46,0.04477,10.422,10.0,0.0002,0.2,0
6.82,force,0.2032,0.46,0.04477,10.471,10.0,0.0001,0.2,0
6.83,force,0.2052,0.46,0.04477,10.517,10.0,-0.0001,0.2,0
6.84,force,0.2072,0.46,0.04477,10.419,10.0,0.0002,0.2,0
6.85,force,0.2092,0.46,0.04477,10.427,10.0,0.0002,0.2,0
6.86,force,0.2112,0.46,0.04477,10.355,10.0,0.0003,0.2,0
6.87,force,0.2132,0.46,0.04476,10.461,10.0,0.0001,0.2,0
6.88,force,0.2152,0.46,0.04476,10.418,10.0,0.0002,0.2,0
6.89,force,0.2172,0.46,0.04476,10.448,10.0,0.0001,0.2,0
6.9,force,0.2192,0.46,0.04476,10.432,10.0,0.0001,0.2,0
6.91,force,0.2212,0.46,0.04476,10.474,10.0,0.0,0.2,0
6.92,force,0.2232,0.46,0.04476,10.391,10.0,0.0002,0.2,0
6.93,force,0.2252,0.46,0.04476,10.41,10.0,0.0002,0.2,0
6.94,force,0.2272,0.46,0.04476,10.593,10.0,-0.0003,0.2,0
6.95,force,0.2292,0.46,0.04476,10.416,10.0,0.0001,0.2,0
6.96,force,0.2312,0.46,0.04476,10.429,10.0,0.0001,0.2,0
6.97,force,0.2332,0.46,0.04476,10.578,10.0,-0.0003,0.2,0
6.98,force,0.2352,0.46,0.04476,10.626,10.0,-0.0004,0.2,0
6.99,force,0.2372,0.46,0.04476,10.414,10.0,0.0001,0.2,0
7.0,force,0.2392,0.46,0.04476,10.457,10.0,0.0,0.2,0
7.01,force,0.2412,0.46,0.04476,10.492,10.0,-0.0001,0.2,0
7.02,force,0.2432,0.46,0.04477,10.56,10.0,-0.0003,0.2,0
7.03,force,0.2452,0.46,0.04476,10.419,10.0,0.0001,0.2,0
7.04,force,0.2472,0.46,0.04476,10.458,10.0,-0.0,0.2,0
7.05,force,0.2492,0.46,0.04477,10.509,10.0,-0.0001,0.2,0
7.06,force,0.2512,0.46,0.04477,10.49,10.0,-0.0001,0.2,0
7.07,force,0.2532,0.46,0.04477,10.447,10.0,0.0,0.2,0
7.08,force,0.2552,0.46,0.04477,10.459,10.0,-0.0,0.2,0
7.09,force,0.2572,0.46,0.04477,10.397,10.0,0.0001,0.2,0
7.1,force,0.2592,0.46,0.04477,10.456,10.0,-0.0,0.2,0
7.11,force,0.2612,0.46,0.04477,10.454,10.0,-0.0,0.2,0
7.12,force,0.2632,0.46,0.04477,10.479,10.0,-0.0001,0.2,0
7.13,force,0.2652,0.46,0.04477,10.437,10.0,0.0,0.2,0
7.14,force,0.2672,0.46,0.04477,10.489,10.0,-0.0001,0.2,0
7.15,force,0.2692,0.46,0.04477,10.513,10.0,-0.0002,0.2,0
7.16,force,0.2712,0.46,0.04477,10.466,10.0,-0.0001,0.2,0
7.17,force,0.2732,0.46,0.04477,10.475,10.0,-0.0001,0.2,0
7.18,force,0.2752,0.46,0.04477,10.458,10.0,-0.0001,0.2,0
7.19,force,0.2772,0.46,0.04477,10.454,10.0,-0.0001,0.2,0
7.2,force,0.2792,0.46,0.04477,10.416,10.0,0.0,0.2,0
7.21,force,0.2812,0.46,0.04477,10.469,10.0,-0.0001,0.2,0
7.22,force,0.2832,0.46,0.04478,10.446,10.0,-0.0001,0.2,0
7.23,force,0.2852,0.46,0.04478,10.554,10.0,-0.0003,0.2,0
7.24,force,0.2872,0.46,0.04478,10.521,10.0,-0.0003,0.2,0
7.25,force,0.2892,0.46,0.04478,10.457,10.0,-0.0001,0.2,0
7.26,force,0.2912,0.46,0.04478,10.397,10.0,0.0,0.2,0
7.27,force,0.2932,0.46,0.04478,10.381,10.0,0.0001,0.2,0
7.28,force,0.2952,0.46,0.04478,10.498,10.0,-0.0002,0.2,0
7.29,force,0.2972,0.46,0.04478,10.447,10.0,-0.0001,0.2,0
7.3,force,0.2992,0.46,0.04479,10.456,10.0,-0.0001,0.2,0
7.31,force,0.3012,0.46,0.04478,10.342,10.0,0.0002,0.2,0
7.32,force,0.3032,0.46,0.04479,10.479,10.0,-0.0002,0.2,0
7.33,force,0.3052,0.46,0.04479,10.452,10.0,-0.0001,0.2,0
7.34,force,0.3072,0.46,0.04479,10.371,10.0,0.0001,0.2,0
7.35,force,0.3092,0.46,0.04479,10.404,10.0,-0.0,0.2,0
7.36,force,0.3112,0.46,0.04479,10.441,10.0,-0.0001,0.2,0
7.37,force,0.3132,0.46,0.04479,10.428,10.0,-0.0001,0.2,0
7.38,force,0.3152,0.46,0.04479,10.409,10.0,-0.0,0.2,0
7.39,force,0.3172,0.46,0.04479,10.418,10.0,-0.0001,0.2,0
7.4,force,0.3172,0.462,0.04479,10.409,10.0,-0.0,0.2,0
7.41,force,0.3172,0.464,0.04479,10.429,10.0,-0.0001,0.2,0
7.42,force,0.3172,0.466,0.04479,10.493,10.0,-0.0003,0.2,0
7.43,force,0.3172,0.468,0.04479,10.286,10.0,0.0003,0.2,0
7.44,force,0.3172,0.47,0.04479,10.407,10.0,-0.0001,0.2,0
7.45,force,0.3172,0.472,0.04479,10.427,10.0,-0.0001,0.2,0
7.46,force,0.3172,0.474,0.04479,10.43,10.0,-0.0001,0.2,0
7.47,force,0.3172,0.476,0.04479,10.395,10.0,-0.0,0.2,0
7.48,force,0.3172,0.478,0.04479,10.325,10.0,0.0001,0.2,0
7.49,force,0.3172,0.48,0.04479,10.432,10.0,-0.0001,0.2,0
7.5,force,0.3172,0.482,0.0448,10.499,10.0,-0.0003,0.2,0
7.51,force,0.3172,0.484,0.0448,10.329,10.0,0.0001,0.2,0
7.52,force,0.3172,0.486,0.0448,10.452,10.0,-0.0002,0.2,0
7.53,force,0.3172,0.488,0.0448,10.388,10.0,-0.0,0.2,0
7.54,force,0.3172,0.49,0.0448,10.4,10.0,-0.0001,0.2,0
7.55,force,0.3172,0.492,0.0448,10.349,10.0,0.0,0.2,0
7.56,force,0.3172,0.494,0.0448,10.386,10.0,-0.0001,0.2,0
7.57,force,0.3172,0.496,0.0448,10.467,10.0,-0.0003,0.2,0
7.58,force,0.3172,0.498,0.0448,10.426,10.0,-0.0002,0.2,0
7.59,force,0.3172,0.5,0.04481,10.48,10.0,-0.0003,0.2,0
7.6,force,0.3152,0.5,0.04481,10.446,10.0,-0.0002,0.2,0
7.61,force,0.3132,0.5,0.04481,10.405,10.0,-0.0001,0.2,0
7.62,force,0.3112,0.5,0.04481,10.468,10.0,-0.0003,0.2,0
7.63,force,0.3092,0.5,0.04481,10.397,10.0,-0.0001,0.2,0
7.64,force,0.3072,0.5,0.04482,10.414,10.0,-0.0002,0.2,0
7.65,force,0.3052,0.5,0.04482,10.355,10.0,-0.0,0.2,0
7.66,force,0.3032,0.5,0.04482,10.373,10.0,-0.0001,0.2,0
7.67,force,0.3012,0.5,0.04482,10.333,10.0,0.0,0.2,0
7.68,force,0.2992,0.5,0.04482,10.418,10.0,-0.0002,0.2,0
7.69,force,0.2972,0.5,0.04482,10.306,10.0,0.0001,0.2,0
7.7,force,0.2952,0.5,0.04482,10.406,10.0,-0.0002,0.2,0
7.71,force,0.2932,0.5,0.04482,10.354,10.0,-0.0,0.2,0
7.72,force,0.2912,0.5,0.04482,10.422,10.0,-0.0002,0.2,0
7.73,force,0.2892,0.5,0.04482,10.397,10.0,-0.0001,0.2,0
7.74,force,0.2872,0.5,0.04482,10.447,10.0,-0.0003,0.2,0
7.75,force,0.2852,0.5,0.04483,10.387,10.0,-0.0001,0.2,0
7.76,force,0.2832,0.5,0.04482,10.269,10.0,0.0002,0.2,0
7.77,force,0.2812,0.5,0.04482,10.348,10.0,-0.0,0.2,0
7.78,force,0.2792,0.5,0.04482,10.292,10.0,0.0001,0.2,0
7.79,force,0.2772,0.5,0.04482,10.327,10.0,0.0,0.2,0
7.8,force,0.2752,0.5,0.04483,10.428,10.0,-0.0003,0.2,0
7.81,force,0.2732,0.5,0.04483,10.379,10.0,-0.0001,0.2,0
7.82,force,0.2712,0.5,0.04483,10.31,10.0,0.0,0.2,0
7.83,force,0.2692,0.5,0.04483,10.295,10.0,0.0001,0.2,0
7.84,force,0.2672,0.5,0.04483,10.349,10.0,-0.0001,0.2,0
7.85,force,0.2652,0.5,0.04483,10.285,10.0,0.0001,0.2,0
7.86,force,0.2632,0.5,0.04483,10.314,10.0,0.0,0.2,0
7.87,force,0.2612,0.5,0.04483,10.364,10.0,-0.0001,0.2,0
7.88,force,0.2592,0.5,0.04483,10.404,10.0,-0.0002,0.2,0
7.89,force,0.2572,0.5,0.04483,10.372,10.0,-0.0001,0.2,0
7.9,force,0.2552,0.5,0.04483,10.224,10.0,0.0002,0.2,0
7.91,force,0.2532,0.5,0.04483,10.358,10.0,-0.0001,0.2,0
7.92,force,0.2512,0.5,0.04483,10.345,10.0,-0.0001,0.2,0
7.93,force,0.2492,0.5,0.04483,10.36,10.0,-0.0001,0.2,0
7.94,force,0.2472,0.5,0.04483,10.418,10.0,-0.0003,0.2,0
7.95,force,0.2452,0.5,0.04483,10.228,10.0,0.0002,0.2,0
7.96,force,0.2432,0.5,0.04483,10.306,10.0,0.0,0.2,0
7.97,force,0.2412,0.5,0.04483,10.365,10.0,-0.0001,0.2,0
7.98,force,0.2392,0.5,0.04483,10.253,10.0,0.0001,0.2,0
7.99,force,0.2372,0.5,0.04484,10.409,10.0,-0.0003,0.2,0
8.0,force,0.2352,0.5,0.04484,10.348,10.0,-0.0001,0.2,0
8.01,force,0.2332,0.5,0.04484,10.37,10.0,-0.0002,0.2,0
8.02,force,0.2312,0.5,0.04484,10.295,10.0,0.0,0.2,0
8.03,force,0.2292,0.5,0.04484,10.365,10.0,-0.0002,0.2,0
8.04,force,0.2272,0.5,0.04484,10.374,10.0,-0.0002,0.2,0
8.05,force,0.2252,0.5,0.04484,10.328,10.0,-0.0001,0.2,0
8.06,force,0.2232,0.5,0.04484,10.327,10.0,-0.0001,0.2,0
8.07,force,0.2212,0.5,0.04484,10.327,10.0,-0.0001,0.2,0
8.08,force,0.2192,0.5,0.04484,10.268,10.0,0.0001,0.2,0
8.09,force,0.2172,0.5,0.04484,10.305,10.0,-0.0,0.2,0
8.1,force,0.2152,0.5,0.04484,10.304,10.0,-0.0,0.2,0
8.11,force,0.2132,0.5,0.04485,10.33,10.0,-0.0001,0.2,0
8.12,force,0.2112,0.5,0.04485,10.359,10.0,-0.0002,0.2,0
8.13,force,0.2092,0.5,0.04485,10.252,10.0,0.0001,0.2,0
8.14,force,0.2072,0.5,0.04485,10.301,10.0,-0.0,0.2,0
8.15,force,0.2052,0.5,0.04485,10.38,10.0,-0.0002,0.2,0
8.16,force,0.2032,0.5,0.04485,10.264,10.0,0.0,0.2,0
8.17,force,0.2012,0.5,0.04485,10.261,10.0,0.0,0.2,0
8.18,force,0.1992,0.5,0.04485,10.313,10.0,-0.0001,0.2,0
8.19,force,0.1972,0.5,0.04485,10.343,10.0,-0.0002,0.2,0
8.2,force,0.1952,0.5,0.04485,10.298,10.0,-0.0001,0.2,0
8.21,force,0.1932,0.5,0.04485,10.363,10.0,-0.0002,0.2,0
8.22,force,0.1912,0.5,0.04486,10.335,10.0,-0.0002,0.2,0
8.23,force,0.1892,0.5,0.04486,10.331,10.0,-0.0001,0.2,0
8.24,force,0.1872,0.5,0.04486,10.314,10.0,-0.0001,0.2,0
8.25,force,0.1852,0.5,0.04486,10.4,10.0,-0.0003,0.2,0
8.26,force,0.1832,0.5,0.04486,10.267,10.0,0.0,0.2,0
8.27,force,0.1812,0.5,0.04486,10.177,10.0,0.0002,0.2,0
8.28,force,0.1792,0.5,0.04486,10.362,10.0,-0.0002,0.2,0
8.29,force,0.1772,0.5,0.04486,10.254,10.0,0.0,0.2,0
8.3,force,0.1752,0.5,0.04486,10.283,10.0,-0.0,0.2,0
8.31,force,0.1732,0.5,0.04486,10.342,10.0,-0.0002,0.2,0
8.32,force,0.1712,0.5,0.04486,10.193,10.0,0.0002,0.2,0
8.33,force,0.1692,0.5,0.04486,10.214,10.0,0.0001,0.2,0
8.34,force,0.1672,0.5,0.04486,10.198,10.0,0.0002,0.2,0
8.35,force,0.1652,0.5,0.04486,10.242,10.0,0.0,0.2,0
8.36,force,0.1632,0.5,0.04486,10.304,10.0,-0.0001,0.2,0
8.37,force,0.1612,0.5,0.04486,10.306,10.0,-0.0001,0.2,0
8.38,force,0.1592,0.5,0.04486,10.291,10.0,-0.0001,0.2,0
8.39,force,0.1572,0.5,0.04486,10.205,10.0,0.0001,0.2,0
8.4,force,0.1552,0.5,0.04486,10.163,10.0,0.0002,0.2,0
8.41,force,0.1532,0.5,0.04486,10.285,10.0,-0.0001,0.2,0
8.42,force,0.1512,0.5,0.04486,10.257,10.0,-0.0,0.2,0
8.43,force,0.1492,0.5,0.04486,10.304,10.0,-0.0001,0.2,0
8.44,force,0.1472,0.5,0.04486,10.313,10.0,-0.0002,0.2,0
8.45,force,0.1452,0.5,0.04486,10.282,10.0,-0.0001,0.2,0
8.46,force,0.1432,0.5,0.04487,10.311,10.0,-0.0002,0.2,0
8.47,force,0.1412,0.5,0.04487,10.281,10.0,-0.0001,0.2,0
8.48,force,0.1392,0.5,0.04487,10.295,10.0,-0.0001,0.2,0
8.49,force,0.1372,0.5,0.04487,10.23,10.0,0.0,0.2,0
8.5,force,0.1352,0.5,0.04487,10.257,10.0,-0.0,0.2,0
8.51,force,0.1332,0.5,0.04487,10.275,10.0,-0.0001,0.2,0
8.52,force,0.1312,0.5,0.04487,10.305,10.0,-0.0002,0.2,0
8.53,force,0.1292,0.5,0.04487,10.241,10.0,-0.0,0.2,0
8.54,force,0.1272,0.5,0.04487,10.287,10.0,-0.0001,0.2,0
8.55,force,0.1252,0.5,0.04487,10.245,10.0,-0.0,0.2,0
8.56,force,0.1232,0.5,0.04487,10.252,10.0,-0.0,0.2,0
8.57,force,0.1212,0.5,0.04487,10.298,10.0,-0.0002,0.2,0
8.58,force,0.1192,0.5,0.04487,10.154,10.0,0.0002,0.2,0
8.59,force,0.1172,0.5,0.04487,10.193,10.0,0.0001,0.2,0
8.6,force,0.1152,0.5,0.04487,10.186,10.0,0.0001,0.2,0
8.61,force,0.1132,0.5,0.04487,10.145,10.0,0.0002,0.2,0
8.62,force,0.1112,0.5,0.04487,10.233,10.0,-0.0,0.2,0
8.63,force,0.1092,0.5,0.04487,10.304,10.0,-0.0002,0.2,0
8.64,force,0.1072,0.5,0.04487,10.248,10.0,-0.0,0.2,0
8.65,force,0.1052,0.5,0.04487,10.272,10.0,-0.0001,0.2,0
8.66,force,0.1032,0.5,0.04487,10.314,10.0,-0.0002,0.2,0
8.67,force,0.1012,0.5,0.04487,10.322,10.0,-0.0002,0.2,0
8.68,force,0.0992,0.5,0.04488,10.247,10.0,-0.0001,0.2,0
8.69,force,0.0972,0.5,0.04488,10.317,10.0,-0.0002,0.2,0
8.7,force,0.0952,0.5,0.04488,10.249,10.0,-0.0001,0.2,0
8.71,force,0.0932,0.5,0.04488,10.201,10.0,0.0,0.2,0
8.72,force,0.0912,0.5,0.04488,10.214,10.0,0.0,0.2,0
8.73,force,0.0892,0.5,0.04488,10.17,10.0,0.0001,0.2,0
8.74,obstacle_avoid,0.088,0.5,0.06693,10.203,10.0,0.0,0.12,1
8.75,obstacle_avoid,0.0868,0.5,0.08016,0.0,10.0,0.0,0.12,1
8.76,obstacle_avoid,0.0856,0.5,0.08809,0.0,10.0,0.0,0.12,1
8.77,obstacle_avoid,0.0844,0.5,0.09286,0.0,10.0,0.0,0.12,1
8.78,obstacle_avoid,0.0832,0.5,0.09571,0.0,10.0,0.0,0.12,1
8.79,obstacle_avoid,0.082,0.5,0.09743,0.0,10.0,0.0,0.12,1
8.8,obstacle_avoid,0.0808,0.5,0.09846,0.0,10.0,0.0,0.12,1
8.81,obstacle_avoid,0.0796,0.5,0.09907,0.0,10.0,0.0,0.12,1
8.82,obstacle_avoid,0.0784,0.5,0.09944,0.0,10.0,0.0,0.12,1
8.83,obstacle_avoid,0.0772,0.5,0.09967,0.0,10.0,0.0,0.12,1
8.84,obstacle_avoid,0.076,0.5,0.0998,0.0,10.0,0.0,0.12,1
8.85,obstacle_avoid,0.0748,0.5,0.09988,0.0,10.0,0.0,0.12,1
8.86,obstacle_avoid,0.0736,0.5,0.09993,0.0,10.0,0.0,0.12,1
8.87,obstacle_avoid,0.0724,0.5,0.09996,0.0,10.0,0.0,0.12,1
8.88,obstacle_avoid,0.0712,0.5,0.09997,0.0,10.0,0.0,0.12,1
8.89,obstacle_avoid,0.07,0.5,0.09998,0.0,10.0,0.0,0.12,1
8.9,obstacle_avoid,0.0688,0.5,0.09999,0.0,10.0,0.0,0.12,1
8.91,obstacle_avoid,0.0676,0.5,0.09999,0.0,10.0,0.0,0.12,1
8.92,obstacle_avoid,0.0664,0.5,0.1,0.0,10.0,0.0,0.12,1
8.93,obstacle_avoid,0.0652,0.5,0.1,0.0,10.0,0.0,0.12,1
8.94,obstacle_avoid,0.064,0.5,0.1,0.0,10.0,0.0,0.12,1
8.95,obstacle_avoid,0.0628,0.5,0.1,0.0,10.0,0.0,0.12,1
8.96,obstacle_avoid,0.0616,0.5,0.1,0.0,10.0,0.0,0.12,1
8.97,obstacle_avoid,0.0604,0.5,0.1,0.0,10.0,0.0,0.12,1
8.98,obstacle_avoid,0.0592,0.5,0.1,0.0,10.0,0.0,0.12,1
8.99,obstacle_avoid,0.058,0.5,0.1,0.0,10.0,0.0,0.12,1
9.0,obstacle_avoid,0.0568,0.5,0.1,0.0,10.0,0.0,0.12,1
9.01,obstacle_avoid,0.0556,0.5,0.1,0.0,10.0,0.0,0.12,1
9.02,obstacle_avoid,0.0544,0.5,0.1,0.0,10.0,0.0,0.12,1
9.03,obstacle_avoid,0.0532,0.5,0.1,0.0,10.0,0.0,0.12,1
9.04,obstacle_avoid,0.052,0.5,0.1,0.0,10.0,0.0,0.12,1
9.05,obstacle_avoid,0.0508,0.5,0.1,0.0,10.0,0.0,0.12,1
9.06,obstacle_avoid,0.0496,0.5,0.1,0.0,10.0,0.0,0.12,1
9.07,obstacle_avoid,0.0484,0.5,0.1,0.0,10.0,0.0,0.12,1
9.08,obstacle_avoid,0.0472,0.5,0.1,0.0,10.0,0.0,0.12,1
9.09,obstacle_avoid,0.046,0.5,0.1,0.0,10.0,0.0,0.12,1
9.1,obstacle_avoid,0.0448,0.5,0.1,0.0,10.0,0.0,0.12,1
9.11,obstacle_avoid,0.0436,0.5,0.1,0.0,10.0,0.0,0.12,1
9.12,obstacle_avoid,0.0424,0.5,0.1,0.0,10.0,0.0,0.12,1
9.13,obstacle_avoid,0.0412,0.5,0.1,0.0,10.0,0.0,0.12,1
9.14,obstacle_avoid,0.04,0.5,0.1,0.0,10.0,0.0,0.12,1
9.15,obstacle_avoid,0.0388,0.5,0.1,0.0,10.0,0.0,0.12,1
9.16,obstacle_avoid,0.0376,0.5,0.1,0.0,10.0,0.0,0.12,1
9.17,obstacle_avoid,0.0364,0.5,0.1,0.0,10.0,0.0,0.12,1
9.18,obstacle_avoid,0.0352,0.5,0.1,0.0,10.0,0.0,0.12,1
9.19,obstacle_avoid,0.034,0.5,0.1,0.0,10.0,0.0,0.12,1
9.2,obstacle_avoid,0.0328,0.5,0.1,0.0,10.0,0.0,0.12,1
9.21,obstacle_avoid,0.0316,0.5,0.1,0.0,10.0,0.0,0.12,1
9.22,obstacle_avoid,0.0304,0.5,0.1,0.0,10.0,0.0,0.12,1
9.23,obstacle_avoid,0.0292,0.5,0.1,0.0,10.0,0.0,0.12,1
9.24,obstacle_avoid,0.028,0.5,0.1,0.0,10.0,0.0,0.12,1
9.25,obstacle_avoid,0.0268,0.5,0.1,0.0,10.0,0.0,0.12,1
9.26,obstacle_avoid,0.0256,0.5,0.1,0.0,10.0,0.0,0.12,1
9.27,obstacle_avoid,0.0244,0.5,0.1,0.0,10.0,0.0,0.12,1
9.28,obstacle_avoid,0.0232,0.5,0.1,0.0,10.0,0.0,0.12,1
9.29,obstacle_avoid,0.022,0.5,0.1,0.0,10.0,0.0,0.12,1
9.3,obstacle_avoid,0.0208,0.5,0.1,0.0,10.0,0.0,0.12,1
9.31,obstacle_avoid,0.0196,0.5,0.1,0.0,10.0,0.0,0.12,1
9.32,obstacle_avoid,0.0184,0.5,0.1,0.0,10.0,0.0,0.12,1
9.33,obstacle_avoid,0.0172,0.5,0.1,0.0,10.0,0.0,0.12,1
9.34,obstacle_avoid,0.016,0.5,0.1,0.0,10.0,0.0,0.12,1
9.35,obstacle_avoid,0.0148,0.5,0.1,0.0,10.0,0.0,0.12,1
9.36,obstacle_avoid,0.0136,0.5,0.1,0.0,10.0,0.0,0.12,1
9.37,obstacle_avoid,0.0124,0.5,0.1,0.0,10.0,0.0,0.12,1
9.38,obstacle_avoid,0.0112,0.5,0.1,0.0,10.0,0.0,0.12,1
9.39,obstacle_avoid,0.01,0.5,0.1,0.0,10.0,0.0,0.12,1
9.4,obstacle_avoid,0.0088,0.5,0.1,0.0,10.0,0.0,0.12,1
9.41,obstacle_avoid,0.0076,0.5,0.1,0.0,10.0,0.0,0.12,1
9.42,obstacle_avoid,0.0064,0.5,0.1,0.0,10.0,0.0,0.12,1
9.43,obstacle_avoid,0.0052,0.5,0.1,0.0,10.0,0.0,0.12,1
9.44,obstacle_avoid,0.004,0.5,0.1,0.0,10.0,0.0,0.12,1
9.45,obstacle_avoid,0.0028,0.5,0.1,0.0,10.0,0.0,0.12,1
9.46,obstacle_avoid,0.0016,0.5,0.1,0.0,10.0,0.0,0.12,1
9.47,obstacle_avoid,0.0004,0.5,0.1,0.0,10.0,0.0,0.12,1
9.48,obstacle_avoid,-0.0008,0.5,0.1,0.0,10.0,0.0,0.12,1
9.49,obstacle_avoid,-0.002,0.5,0.1,0.0,10.0,0.0,0.12,1
9.5,obstacle_avoid,-0.0032,0.5,0.1,0.0,10.0,0.0,0.12,1
9.51,obstacle_avoid,-0.0044,0.5,0.1,0.0,10.0,0.0,0.12,1
9.52,obstacle_avoid,-0.0056,0.5,0.1,0.0,10.0,0.0,0.12,1
9.53,obstacle_avoid,-0.0068,0.5,0.1,0.0,10.0,0.0,0.12,1
9.54,obstacle_avoid,-0.008,0.5,0.1,0.0,10.0,0.0,0.12,1
9.55,obstacle_avoid,-0.0092,0.5,0.1,0.0,10.0,0.0,0.12,1
9.56,obstacle_avoid,-0.0104,0.5,0.1,0.0,10.0,0.0,0.12,1
9.57,obstacle_avoid,-0.0116,0.5,0.1,0.0,10.0,0.0,0.12,1
9.58,obstacle_avoid,-0.0128,0.5,0.1,0.0,10.0,0.0,0.12,1
9.59,approach,-0.0128,0.5,0.0998,0.0,10.0,0.02,0.0,0
9.6,approach,-0.0128,0.5,0.0996,0.0,10.0,0.02,0.0,0
9.61,approach,-0.0128,0.5,0.0994,0.0,10.0,0.02,0.0,0
9.62,approach,-0.0128,0.5,0.0992,0.0,10.0,0.02,0.0,0
9.63,approach,-0.0128,0.5,0.099,0.0,10.0,0.02,0.0,0
9.64,approach,-0.0128,0.5,0.0988,0.0,10.0,0.02,0.0,0
9.65,approach,-0.0128,0.5,0.0986,0.0,10.0,0.02,0.0,0
9.66,approach,-0.0128,0.5,0.0984,0.0,10.0,0.02,0.0,0
9.67,approach,-0.0128,0.5,0.0982,0.0,10.0,0.02,0.0,0
9.68,approach,-0.0128,0.5,0.098,0.0,10.0,0.02,0.0,0
9.69,approach,-0.0128,0.5,0.0978,0.0,10.0,0.02,0.0,0
9.7,approach,-0.0128,0.5,0.0976,0.0,10.0,0.02,0.0,0
9.71,approach,-0.0128,0.5,0.0974,0.0,10.0,0.02,0.0,0
9.72,approach,-0.0128,0.5,0.0972,0.0,10.0,0.02,0.0,0
9.73,approach,-0.0128,0.5,0.097,0.0,10.0,0.02,0.0,0
9.74,approach,-0.0128,0.5,0.0968,0.0,10.0,0.02,0.0,0
9.75,approach,-0.0128,0.5,0.0966,0.0,10.0,0.02,0.0,0
9.76,approach,-0.0128,0.5,0.0964,0.0,10.0,0.02,0.0,0
9.77,approach,-0.0128,0.5,0.0962,0.0,10.0,0.02,0.0,0
9.78,approach,-0.0128,0.5,0.096,0.0,10.0,0.02,0.0,0
9.79,approach,-0.0128,0.5,0.0958,0.0,10.0,0.02,0.0,0
9.8,approach,-0.0128,0.5,0.0956,0.0,10.0,0.02,0.0,0
9.81,approach,-0.0128,0.5,0.0954,0.0,10.0,0.02,0.0,0
9.82,approach,-0.0128,0.5,0.0952,0.0,10.0,0.02,0.0,0
9.83,approach,-0.0128,0.5,0.095,0.0,10.0,0.02,0.0,0
9.84,approach,-0.0128,0.5,0.0948,0.0,10.0,0.02,0.0,0
9.85,approach,-0.0128,0.5,0.0946,0.0,10.0,0.02,0.0,0
9.86,approach,-0.0128,0.5,0.0944,0.0,10.0,0.02,0.0,0
9.87,approach,-0.0128,0.5,0.0942,0.0,10.0,0.02,0.0,0
9.88,approach,-0.0128,0.5,0.094,0.0,10.0,0.02,0.0,0
9.89,approach,-0.0128,0.5,0.0938,0.0,10.0,0.02,0.0,0
9.9,approach,-0.0128,0.5,0.0936,0.0,10.0,0.02,0.0,0
9.91,approach,-0.0128,0.5,0.0934,0.0,10.0,0.02,0.0,0
9.92,approach,-0.0128,0.5,0.0932,0.0,10.0,0.02,0.0,0
9.93,approach,-0.0128,0.5,0.093,0.0,10.0,0.02,0.0,0
9.94,approach,-0.0128,0.5,0.0928,0.0,10.0,0.02,0.0,0
9.95,approach,-0.0128,0.5,0.0926,0.0,10.0,0.02,0.0,0
9.96,approach,-0.0128,0.5,0.0924,0.0,10.0,0.02,0.0,0
9.97,approach,-0.0128,0.5,0.0922,0.0,10.0,0.02,0.0,0
9.98,approach,-0.0128,0.5,0.092,0.0,10.0,0.02,0.0,0
9.99,approach,-0.0128,0.5,0.0918,0.0,10.0,0.02,0.0,0
10.0,approach,-0.0128,0.5,0.0916,0.0,10.0,0.02,0.0,0
10.01,approach,-0.0128,0.5,0.0914,0.0,10.0,0.02,0.0,0
10.02,approach,-0.0128,0.5,0.0912,0.0,10.0,0.02,0.0,0
10.03,approach,-0.0128,0.5,0.091,0.0,10.0,0.02,0.0,0
10.04,approach,-0.0128,0.5,0.0908,0.0,10.0,0.02,0.0,0
10.05,approach,-0.0128,0.5,0.0906,0.0,10.0,0.02,0.0,0
10.06,approach,-0.0128,0.5,0.0904,0.0,10.0,0.02,0.0,0
10.07,approach,-0.0128,0.5,0.0902,0.0,10.0,0.02,0.0,0
10.08,approach,-0.0128,0.5,0.09,0.0,10.0,0.02,0.0,0
10.09,approach,-0.0128,0.5,0.0898,0.0,10.0,0.02,0.0,0
10.1,approach,-0.0128,0.5,0.0896,0.0,10.0,0.02,0.0,0
10.11,approach,-0.0128,0.5,0.0894,0.0,10.0,0.02,0.0,0
10.12,approach,-0.0128,0.5,0.0892,0.0,10.0,0.02,0.0,0
10.13,approach,-0.0128,0.5,0.089,0.0,10.0,0.02,0.0,0
10.14,approach,-0.0128,0.5,0.0888,0.0,10.0,0.02,0.0,0
10.15,approach,-0.0128,0.5,0.0886,0.0,10.0,0.02,0.0,0
10.16,approach,-0.0128,0.5,0.0884,0.0,10.0,0.02,0.0,0
10.17,approach,-0.0128,0.5,0.0882,0.0,10.0,0.02,0.0,0
10.18,approach,-0.0128,0.5,0.088,0.0,10.0,0.02,0.0,0
10.19,approach,-0.0128,0.5,0.0878,0.0,10.0,0.02,0.0,0
10.2,approach,-0.0128,0.5,0.0876,0.0,10.0,0.02,0.0,0
10.21,approach,-0.0128,0.5,0.0874,0.0,10.0,0.02,0.0,0
10.22,approach,-0.0128,0.5,0.0872,0.0,10.0,0.02,0.0,0
10.23,approach,-0.0128,0.5,0.087,0.0,10.0,0.02,0.0,0
10.24,approach,-0.0128,0.5,0.0868,0.0,10.0,0.02,0.0,0
10.25,approach,-0.0128,0.5,0.0866,0.0,10.0,0.02,0.0,0
10.26,approach,-0.0128,0.5,0.0864,0.0,10.0,0.02,0.0,0
10.27,approach,-0.0128,0.5,0.0862,0.0,10.0,0.02,0.0,0
10.28,approach,-0.0128,0.5,0.086,0.0,10.0,0.02,0.0,0
10.29,approach,-0.0128,0.5,0.0858,0.0,10.0,0.02,0.0,0
10.3,approach,-0.0128,0.5,0.0856,0.0,10.0,0.02,0.0,0
10.31,approach,-0.0128,0.5,0.0854,0.0,10.0,0.02,0.0,0
10.32,approach,-0.0128,0.5,0.0852,0.0,10.0,0.02,0.0,0
10.33,approach,-0.0128,0.5,0.085,0.0,10.0,0.02,0.0,0
10.34,approach,-0.0128,0.5,0.0848,0.0,10.0,0.02,0.0,0
10.35,approach,-0.0128,0.5,0.0846,0.0,10.0,0.02,0.0,0
10.36,approach,-0.0128,0.5,0.0844,0.0,10.0,0.02,0.0,0
10.37,approach,-0.0128,0.5,0.0842,0.0,10.0,0.02,0.0,0
10.38,approach,-0.0128,0.5,0.084,0.0,10.0,0.02,0.0,0
10.39,approach,-0.0128,0.5,0.0838,0.0,10.0,0.02,0.0,0
10.4,approach,-0.0128,0.5,0.0836,0.0,10.0,0.02,0.0,0
10.41,approach,-0.0128,0.5,0.0834,0.0,10.0,0.02,0.0,0
10.42,approach,-0.0128,0.5,0.0832,0.0,10.0,0.02,0.0,0
10.43,approach,-0.0128,0.5,0.083,0.0,10.0,0.02,0.0,0
10.44,approach,-0.0128,0.5,0.0828,0.0,10.0,0.02,0.0,0
10.45,approach,-0.0128,0.5,0.0826,0.0,10.0,0.02,0.0,0
10.46,approach,-0.0128,0.5,0.0824,0.0,10.0,0.02,0.0,0
10.47,approach,-0.0128,0.5,0.0822,0.0,10.0,0.02,0.0,0
10.48,approach,-0.0128,0.5,0.082,0.0,10.0,0.02,0.0,0
10.49,approach,-0.0128,0.5,0.0818,0.0,10.0,0.02,0.0,0
10.5,approach,-0.0128,0.5,0.0816,0.0,10.0,0.02,0.0,0
10.51,approach,-0.0128,0.5,0.0814,0.0,10.0,0.02,0.0,0
10.52,approach,-0.0128,0.5,0.0812,0.0,10.0,0.02,0.0,0
10.53,approach,-0.0128,0.5,0.081,0.0,10.0,0.02,0.0,0
10.54,approach,-0.0128,0.5,0.0808,0.0,10.0,0.02,0.0,0
10.55,approach,-0.0128,0.5,0.0806,0.0,10.0,0.02,0.0,0
10.56,approach,-0.0128,0.5,0.0804,0.0,10.0,0.02,0.0,0
10.57,approach,-0.0128,0.5,0.0802,0.0,10.0,0.02,0.0,0
10.58,approach,-0.0128,0.5,0.08,0.0,10.0,0.02,0.0,0
10.59,approach,-0.0128,0.5,0.0798,0.0,10.0,0.02,0.0,0
10.6,approach,-0.0128,0.5,0.0796,0.0,10.0,0.02,0.0,0
10.61,approach,-0.0128,0.5,0.0794,0.0,10.0,0.02,0.0,0
10.62,approach,-0.0128,0.5,0.0792,0.0,10.0,0.02,0.0,0
10.63,approach,-0.0128,0.5,0.079,0.0,10.0,0.02,0.0,0
10.64,approach,-0.0128,0.5,0.0788,0.0,10.0,0.02,0.0,0
10.65,approach,-0.0128,0.5,0.0786,0.0,10.0,0.02,0.0,0
10.66,approach,-0.0128,0.5,0.0784,0.0,10.0,0.02,0.0,0
10.67,approach,-0.0128,0.5,0.0782,0.0,10.0,0.02,0.0,0
10.68,approach,-0.0128,0.5,0.078,0.0,10.0,0.02,0.0,0
10.69,approach,-0.0128,0.5,0.0778,0.0,10.0,0.02,0.0,0
10.7,approach,-0.0128,0.5,0.0776,0.0,10.0,0.02,0.0,0
10.71,approach,-0.0128,0.5,0.0774,0.0,10.0,0.02,0.0,0
10.72,approach,-0.0128,0.5,0.0772,0.0,10.0,0.02,0.0,0
10.73,approach,-0.0128,0.5,0.077,0.0,10.0,0.02,0.0,0
10.74,approach,-0.0128,0.5,0.0768,0.0,10.0,0.02,0.0,0
10.75,approach,-0.0128,0.5,0.0766,0.0,10.0,0.02,0.0,0
10.76,approach,-0.0128,0.5,0.0764,0.0,10.0,0.02,0.0,0
10.77,approach,-0.0128,0.5,0.0762,0.0,10.0,0.02,0.0,0
10.78,approach,-0.0128,0.5,0.076,0.0,10.0,0.02,0.0,0
10.79,approach,-0.0128,0.5,0.0758,0.0,10.0,0.02,0.0,0
10.8,approach,-0.0128,0.5,0.0756,0.0,10.0,0.02,0.0,0
10.81,approach,-0.0128,0.5,0.0754,0.0,10.0,0.02,0.0,0
10.82,approach,-0.0128,0.5,0.0752,0.0,10.0,0.02,0.0,0
10.83,approach,-0.0128,0.5,0.075,0.0,10.0,0.02,0.0,0
10.84,approach,-0.0128,0.5,0.0748,0.0,10.0,0.02,0.0,0
10.85,approach,-0.0128,0.5,0.0746,0.0,10.0,0.02,0.0,0
10.86,approach,-0.0128,0.5,0.0744,0.0,10.0,0.02,0.0,0
10.87,approach,-0.0128,0.5,0.0742,0.0,10.0,0.02,0.0,0
10.88,approach,-0.0128,0.5,0.074,0.0,10.0,0.02,0.0,0
10.89,approach,-0.0128,0.5,0.0738,0.0,10.0,0.02,0.0,0
10.9,approach,-0.0128,0.5,0.0736,0.0,10.0,0.02,0.0,0
10.91,approach,-0.0128,0.5,0.0734,0.0,10.0,0.02,0.0,0
10.92,approach,-0.0128,0.5,0.0732,0.0,10.0,0.02,0.0,0
10.93,approach,-0.0128,0.5,0.073,0.0,10.0,0.02,0.0,0
10.94,approach,-0.0128,0.5,0.0728,0.0,10.0,0.02,0.0,0
10.95,approach,-0.0128,0.5,0.0726,0.0,10.0,0.02,0.0,0
10.96,approach,-0.0128,0.5,0.0724,0.0,10.0,0.02,0.0,0
10.97,approach,-0.0128,0.5,0.0722,0.0,10.0,0.02,0.0,0
10.98,approach,-0.0128,0.5,0.072,0.0,10.0,0.02,0.0,0
10.99,approach,-0.0128,0.5,0.0718,0.0,10.0,0.02,0.0,0
11.0,approach,-0.0128,0.5,0.0716,0.0,10.0,0.02,0.0,0
11.01,approach,-0.0128,0.5,0.0714,0.0,10.0,0.02,0.0,0
11.02,approach,-0.0128,0.5,0.0712,0.0,10.0,0.02,0.0,0
11.03,approach,-0.0128,0.5,0.071,0.0,10.0,0.02,0.0,0
11.04,approach,-0.0128,0.5,0.0708,0.0,10.0,0.02,0.0,0
11.05,approach,-0.0128,0.5,0.0706,0.0,10.0,0.02,0.0,0
11.06,approach,-0.0128,0.5,0.0704,0.0,10.0,0.02,0.0,0
11.07,approach,-0.0128,0.5,0.0702,0.0,10.0,0.02,0.0,0
11.08,approach,-0.0128,0.5,0.07,0.0,10.0,0.02,0.0,0
11.09,approach,-0.0128,0.5,0.0698,0.0,10.0,0.02,0.0,0
11.1,approach,-0.0128,0.5,0.0696,0.0,10.0,0.02,0.0,0
11.11,approach,-0.0128,0.5,0.0694,0.0,10.0,0.02,0.0,0
11.12,approach,-0.0128,0.5,0.0692,0.0,10.0,0.02,0.0,0
11.13,approach,-0.0128,0.5,0.069,0.0,10.0,0.02,0.0,0
11.14,approach,-0.0128,0.5,0.0688,0.0,10.0,0.02,0.0,0
11.15,approach,-0.0128,0.5,0.0686,0.0,10.0,0.02,0.0,0
11.16,approach,-0.0128,0.5,0.0684,0.0,10.0,0.02,0.0,0
11.17,approach,-0.0128,0.5,0.0682,0.0,10.0,0.02,0.0,0
11.18,approach,-0.0128,0.5,0.068,0.0,10.0,0.02,0.0,0
11.19,approach,-0.0128,0.5,0.0678,0.0,10.0,0.02,0.0,0
11.2,approach,-0.0128,0.5,0.0676,0.0,10.0,0.02,0.0,0
11.21,approach,-0.0128,0.5,0.0674,0.0,10.0,0.02,0.0,0
11.22,approach,-0.0128,0.5,0.0672,0.0,10.0,0.02,0.0,0
11.23,approach,-0.0128,0.5,0.067,0.0,10.0,0.02,0.0,0
11.24,approach,-0.0128,0.5,0.0668,0.0,10.0,0.02,0.0,0
11.25,approach,-0.0128,0.5,0.0666,0.0,10.0,0.02,0.0,0
11.26,approach,-0.0128,0.5,0.0664,0.0,10.0,0.02,0.0,0
11.27,approach,-0.0128,0.5,0.0662,0.0,10.0,0.02,0.0,0
11.28,approach,-0.0128,0.5,0.066,0.0,10.0,0.02,0.0,0
11.29,approach,-0.0128,0.5,0.0658,0.0,10.0,0.02,0.0,0
11.3,approach,-0.0128,0.5,0.0656,0.0,10.0,0.02,0.0,0
11.31,approach,-0.0128,0.5,0.0654,0.0,10.0,0.02,0.0,0
11.32,approach,-0.0128,0.5,0.0652,0.0,10.0,0.02,0.0,0
11.33,approach,-0.0128,0.5,0.065,0.0,10.0,0.02,0.0,0
11.34,approach,-0.0128,0.5,0.0648,0.0,10.0,0.02,0.0,0
11.35,approach,-0.0128,0.5,0.0646,0.0,10.0,0.02,0.0,0
11.36,approach,-0.0128,0.5,0.0644,0.0,10.0,0.02,0.0,0
11.37,approach,-0.0128,0.5,0.0642,0.0,10.0,0.02,0.0,0
11.38,approach,-0.0128,0.5,0.064,0.0,10.0,0.02,0.0,0
11.39,approach,-0.0128,0.5,0.0638,0.0,10.0,0.02,0.0,0
11.4,approach,-0.0128,0.5,0.0636,0.0,10.0,0.02,0.0,0
11.41,approach,-0.0128,0.5,0.0634,0.0,10.0,0.02,0.0,0
11.42,approach,-0.0128,0.5,0.0632,0.0,10.0,0.02,0.0,0
11.43,approach,-0.0128,0.5,0.063,0.0,10.0,0.02,0.0,0
11.44,approach,-0.0128,0.5,0.0628,0.0,10.0,0.02,0.0,0
11.45,approach,-0.0128,0.5,0.0626,0.0,10.0,0.02,0.0,0
11.46,approach,-0.0128,0.5,0.0624,0.0,10.0,0.02,0.0,0
11.47,approach,-0.0128,0.5,0.0622,0.0,10.0,0.02,0.0,0
11.48,approach,-0.0128,0.5,0.062,0.0,10.0,0.02,0.0,0
11.49,approach,-0.0128,0.5,0.0618,0.0,10.0,0.02,0.0,0
11.5,approach,-0.0128,0.5,0.0616,0.0,10.0,0.02,0.0,0
11.51,approach,-0.0128,0.5,0.0614,0.0,10.0,0.02,0.0,0
11.52,approach,-0.0128,0.5,0.0612,0.0,10.0,0.02,0.0,0
11.53,approach,-0.0128,0.5,0.061,0.0,10.0,0.02,0.0,0
11.54,approach,-0.0128,0.5,0.0608,0.0,10.0,0.02,0.0,0
11.55,approach,-0.0128,0.5,0.0606,0.0,10.0,0.02,0.0,0
11.56,approach,-0.0128,0.5,0.0604,0.0,10.0,0.02,0.0,0
11.57,approach,-0.0128,0.5,0.0602,0.0,10.0,0.02,0.0,0
11.58,approach,-0.0128,0.5,0.06,0.0,10.0,0.02,0.0,0
11.59,approach,-0.0128,0.5,0.0598,0.0,10.0,0.02,0.0,0
11.6,approach,-0.0128,0.5,0.0596,0.0,10.0,0.02,0.0,0
11.61,approach,-0.0128,0.5,0.0594,0.0,10.0,0.02,0.0,0
11.62,approach,-0.0128,0.5,0.0592,0.0,10.0,0.02,0.0,0
11.63,approach,-0.0128,0.5,0.059,0.0,10.0,0.02,0.0,0
11.64,approach,-0.0128,0.5,0.0588,0.0,10.0,0.02,0.0,0
11.65,approach,-0.0128,0.5,0.0586,0.0,10.0,0.02,0.0,0
11.66,approach,-0.0128,0.5,0.0584,0.0,10.0,0.02,0.0,0
11.67,approach,-0.0128,0.5,0.0582,0.0,10.0,0.02,0.0,0
11.68,approach,-0.0128,0.5,0.058,0.0,10.0,0.02,0.0,0
11.69,approach,-0.0128,0.5,0.0578,0.0,10.0,0.02,0.0,0
11.7,approach,-0.0128,0.5,0.0576,0.0,10.0,0.02,0.0,0
11.71,approach,-0.0128,0.5,0.0574,0.0,10.0,0.02,0.0,0
11.72,approach,-0.0128,0.5,0.0572,0.0,10.0,0.02,0.0,0
11.73,approach,-0.0128,0.5,0.057,0.0,10.0,0.02,0.0,0
11.74,approach,-0.0128,0.5,0.0568,0.0,10.0,0.02,0.0,0
11.75,approach,-0.0128,0.5,0.0566,0.0,10.0,0.02,0.0,0
11.76,approach,-0.0128,0.5,0.0564,0.0,10.0,0.02,0.0,0
11.77,approach,-0.0128,0.5,0.0562,0.0,10.0,0.02,0.0,0
11.78,approach,-0.0128,0.5,0.056,0.0,10.0,0.02,0.0,0
11.79,approach,-0.0128,0.5,0.0558,0.0,10.0,0.02,0.0,0
11.8,approach,-0.0128,0.5,0.0556,0.0,10.0,0.02,0.0,0
11.81,approach,-0.0128,0.5,0.0554,0.0,10.0,0.02,0.0,0
11.82,approach,-0.0128,0.5,0.0552,0.0,10.0,0.02,0.0,0
11.83,approach,-0.0128,0.5,0.055,0.0,10.0,0.02,0.0,0
11.84,approach,-0.0128,0.5,0.0548,0.0,10.0,0.02,0.0,0
11.85,approach,-0.0128,0.5,0.0546,0.0,10.0,0.02,0.0,0
11.86,approach,-0.0128,0.5,0.0544,0.0,10.0,0.02,0.0,0
11.87,approach,-0.0128,0.5,0.0542,0.0,10.0,0.02,0.0,0
11.88,approach,-0.0128,0.5,0.054,0.0,10.0,0.02,0.0,0
11.89,approach,-0.0128,0.5,0.0538,0.0,10.0,0.02,0.0,0
11.9,approach,-0.0128,0.5,0.0536,0.0,10.0,0.02,0.0,0
11.91,approach,-0.0128,0.5,0.0534,0.0,10.0,0.02,0.0,0
11.92,approach,-0.0128,0.5,0.0532,0.0,10.0,0.02,0.0,0
11.93,approach,-0.0128,0.5,0.053,0.0,10.0,0.02,0.0,0
11.94,approach,-0.0128,0.5,0.0528,0.0,10.0,0.02,0.0,0
11.95,approach,-0.0128,0.5,0.0526,0.0,10.0,0.02,0.0,0
11.96,approach,-0.0128,0.5,0.0524,0.0,10.0,0.02,0.0,0
11.97,approach,-0.0128,0.5,0.0522,0.0,10.0,0.02,0.0,0
11.98,approach,-0.0128,0.5,0.052,0.0,10.0,0.02,0.0,0
11.99,approach,-0.0128,0.5,0.0518,0.0,10.0,0.02,0.0,0
12.0,approach,-0.0128,0.5,0.0516,0.0,10.0,0.02,0.0,0
12.01,approach,-0.0128,0.5,0.0514,0.0,10.0,0.02,0.0,0
12.02,approach,-0.0128,0.5,0.0512,0.0,10.0,0.02,0.0,0
12.03,approach,-0.0128,0.5,0.051,0.0,10.0,0.02,0.0,0
12.04,approach,-0.0128,0.5,0.0508,0.0,10.0,0.02,0.0,0
12.05,approach,-0.0128,0.5,0.0506,0.0,10.0,0.02,0.0,0
12.06,approach,-0.0128,0.5,0.0504,0.0,10.0,0.02,0.0,0
12.07,approach,-0.0128,0.5,0.0502,0.0,10.0,0.02,0.0,0
12.08,approach,-0.0128,0.5,0.05,0.0,10.0,0.02,0.0,0
12.09,approach,-0.0128,0.5,0.0498,-0.018,10.0,0.02,0.0,0
12.1,approach,-0.0128,0.5,0.0496,0.44,10.0,0.02,0.0,0
12.11,approach,-0.0128,0.5,0.0494,0.886,10.0,0.02,0.0,0
12.12,approach,-0.0128,0.5,0.0492,1.131,10.0,0.02,0.0,0
12.13,approach,-0.0128,0.5,0.049,1.62,10.0,0.02,0.0,0
12.14,approach,-0.0128,0.5,0.0488,1.948,10.0,0.02,0.0,0
12.15,force,-0.0148,0.5,0.04861,2.424,10.0,0.019,0.2,0
12.16,force,-0.0168,0.5,0.04843,2.774,10.0,0.0182,0.2,0
12.17,force,-0.0188,0.5,0.04825,3.053,10.0,0.0176,0.2,0
12.18,force,-0.0208,0.5,0.04809,3.543,10.0,0.0164,0.2,0
12.19,force,-0.0228,0.5,0.04793,3.795,10.0,0.0159,0.2,0
12.2,force,-0.0248,0.5,0.04778,4.115,10.0,0.0151,0.2,0
12.21,force,-0.0268,0.5,0.04763,4.391,10.0,0.0145,0.2,0
12.22,force,-0.0288,0.5,0.0475,4.701,10.0,0.0138,0.2,0
12.23,force,-0.0308,0.5,0.04737,5.03,10.0,0.013,0.2,0
12.24,force,-0.0328,0.5,0.04724,5.259,10.0,0.0125,0.2,0
12.25,force,-0.0348,0.5,0.04712,5.534,10.0,0.0118,0.2,0
12.26,force,-0.0368,0.5,0.04701,5.772,10.0,0.0113,0.2,0
12.27,force,-0.0388,0.5,0.0469,6.046,10.0,0.0106,0.2,0
12.28,force,-0.0408,0.5,0.0468,6.175,10.0,0.0103,0.2,0
12.29,force,-0.0428,0.5,0.0467,6.325,10.0,0.01,0.2,0
12.3,force,-0.0448,0.5,0.04661,6.652,10.0,0.0092,0.2,0
12.31,force,-0.0468,0.5,0.04652,6.766,10.0,0.009,0.2,0
12.32,force,-0.0488,0.5,0.04644,7.018,10.0,0.0084,0.2,0
12.33,force,-0.0508,0.5,0.04635,7.149,10.0,0.0081,0.2,0
12.34,force,-0.0528,0.5,0.04628,7.284,10.0,0.0078,0.2,0
12.35,force,-0.0548,0.5,0.0462,7.463,10.0,0.0073,0.2,0
12.36,force,-0.0568,0.5,0.04614,7.69,10.0,0.0068,0.2,0
12.37,force,-0.0588,0.5,0.04607,7.832,10.0,0.0065,0.2,0
12.38,force,-0.0608,0.5,0.04601,7.861,10.0,0.0064,0.2,0
12.39,force,-0.0628,0.5,0.04595,7.993,10.0,0.0061,0.2,0
12.4,force,-0.0648,0.5,0.04589,8.161,10.0,0.0057,0.2,0
12.41,force,-0.0668,0.5,0.04583,8.178,10.0,0.0057,0.2,0
12.42,force,-0.0688,0.5,0.04578,8.351,10.0,0.0052,0.2,0
12.43,force,-0.0708,0.5,0.04573,8.438,10.0,0.005,0.2,0
12.44,force,-0.0728,0.5,0.04568,8.556,10.0,0.0048,0.2,0
12.45,force,-0.0748,0.5,0.04564,8.594,10.0,0.0047,0.2,0
12.46,force,-0.0768,0.5,0.04559,8.65,10.0,0.0046,0.2,0
12.47,force,-0.0788,0.5,0.04555,8.717,10.0,0.0044,0.2,0
12.48,force,-0.0808,0.5,0.04551,8.853,10.0,0.0041,0.2,0
12.49,force,-0.0828,0.5,0.04547,8.967,10.0,0.0038,0.2,0
12.5,force,-0.0848,0.5,0.04543,9.051,10.0,0.0036,0.2,0
12.51,force,-0.0868,0.5,0.0454,9.235,10.0,0.0031,0.2,0
12.52,force,-0.0888,0.5,0.04537,9.256,10.0,0.0031,0.2,0
12.53,force,-0.0908,0.5,0.04534,9.215,10.0,0.0032,0.2,0
12.54,force,-0.0928,0.5,0.04531,9.345,10.0,0.0029,0.2,0
12.55,force,-0.0948,0.5,0.04528,9.365,10.0,0.0029,0.2,0
12.56,force,-0.0968,0.5,0.04525,9.428,10.0,0.0027,0.2,0
12.57,force,-0.0988,0.5,0.04523,9.506,10.0,0.0025,0.2,0
12.58,force,-0.1008,0.5,0.0452,9.577,10.0,0.0023,0.2,0
12.59,force,-0.1028,0.5,0.04518,9.576,10.0,0.0023,0.2,0
12.6,force,-0.1048,0.5,0.04516,9.693,10.0,0.0021,0.2,0
12.61,force,-0.1068,0.5,0.04514,9.624,10.0,0.0022,0.2,0
12.62,force,-0.1088,0.5,0.04512,9.726,10.0,0.002,0.2,0
12.63,force,-0.1108,0.5,0.0451,9.895,10.0,0.0016,0.2,0
12.64,force,-0.1128,0.5,0.04508,9.808,10.0,0.0018,0.2,0
12.65,force,-0.1148,0.5,0.04507,9.904,10.0,0.0015,0.2,0
12.66,force,-0.1168,0.5,0.04505,9.867,10.0,0.0016,0.2,0
12.67,force,-0.1188,0.5,0.04504,9.924,10.0,0.0015,0.2,0
12.68,force,-0.1208,0.5,0.04502,9.922,10.0,0.0015,0.2,0
12.69,force,-0.1228,0.5,0.04501,9.946,10.0,0.0014,0.2,0
12.7,force,-0.1248,0.5,0.04499,9.945,10.0,0.0014,0.2,0
12.71,force,-0.1268,0.5,0.04498,10.034,10.0,0.0012,0.2,0
12.72,force,-0.1288,0.5,0.04497,9.994,10.0,0.0013,0.2,0
12.73,force,-0.1308,0.5,0.04496,10.096,10.0,0.0011,0.2,0
12.74,force,-0.1328,0.5,0.04495,10.138,10.0,0.001,0.2,0
12.75,force,-0.1348,0.5,0.04494,10.122,10.0,0.001,0.2,0
12.76,force,-0.1368,0.5,0.04493,10.109,10.0,0.001,0.2,0
12.77,force,-0.1388,0.5,0.04492,10.166,10.0,0.0009,0.2,0
12.78,force,-0.1408,0.5,0.04491,10.146,10.0,0.0009,0.2,0
12.79,force,-0.1428,0.5,0.0449,10.227,10.0,0.0007,0.2,0
12.8,force,-0.1448,0.5,0.04489,10.103,10.0,0.001,0.2,0
12.81,force,-0.1468,0.5,0.04488,10.198,10.0,0.0008,0.2,0
12.82,force,-0.1488,0.5,0.04488,10.131,10.0,0.001,0.2,0
12.83,force,-0.1508,0.5,0.04487,10.175,10.0,0.0008,0.2,0
12.84,force,-0.1528,0.5,0.04486,10.335,10.0,0.0004,0.2,0
12.85,force,-0.1548,0.5,0.04486,10.32,10.0,0.0005,0.2,0
12.86,force,-0.1568,0.5,0.04485,10.249,10.0,0.0007,0.2,0
12.87,force,-0.1588,0.5,0.04484,10.223,10.0,0.0007,0.2,0
12.88,force,-0.1608,0.5,0.04484,10.164,10.0,0.0009,0.2,0
12.89,force,-0.1628,0.5,0.04483,10.303,10.0,0.0005,0.2,0
12.9,force,-0.1648,0.5,0.04483,10.461,10.0,0.0001,0.2,0
12.91,force,-0.1668,0.5,0.04483,10.364,10.0,0.0004,0.2,0
12.92,force,-0.1688,0.5,0.04482,10.321,10.0,0.0005,0.2,0
12.93,force,-0.1708,0.5,0.04482,10.382,10.0,0.0003,0.2,0
12.94,force,-0.1728,0.5,0.04481,10.286,10.0,0.0005,0.2,0
12.95,force,-0.1748,0.5,0.04481,10.36,10.0,0.0003,0.2,0
12.96,force,-0.1768,0.5,0.04481,10.387,10.0,0.0003,0.2,0
12.97,force,-0.1788,0.5,0.0448,10.383,10.0,0.0003,0.2,0
12.98,force,-0.1808,0.5,0.0448,10.433,10.0,0.0002,0.2,0
12.99,force,-0.1828,0.5,0.0448,10.413,10.0,0.0002,0.2,0
13.0,force,-0.1848,0.5,0.0448,10.433,10.0,0.0001,0.2,0
13.01,force,-0.1868,0.5,0.0448,10.369,10.0,0.0003,0.2,0
13.02,force,-0.1888,0.5,0.04479,10.454,10.0,0.0001,0.2,0
13.03,force,-0.1908,0.5,0.04479,10.492,10.0,-0.0,0.2,0
13.04,force,-0.1928,0.5,0.04479,10.362,10.0,0.0003,0.2,0
13.05,force,-0.1948,0.5,0.04479,10.372,10.0,0.0003,0.2,0
13.06,force,-0.1968,0.5,0.04479,10.489,10.0,-0.0,0.2,0
13.07,force,-0.1988,0.5,0.04479,10.412,10.0,0.0002,0.2,0
13.08,force,-0.2008,0.5,0.04479,10.495,10.0,-0.0,0.2,0
13.09,force,-0.2028,0.5,0.04479,10.402,10.0,0.0002,0.2,0
13.1,force,-0.2048,0.5,0.04479,10.5,10.0,-0.0001,0.2,0
13.11,force,-0.2068,0.5,0.04479,10.433,10.0,0.0001,0.2,0
13.12,force,-0.2088,0.5,0.04479,10.441,10.0,0.0001,0.2,0
13.13,force,-0.2108,0.5,0.04479,10.508,10.0,-0.0001,0.2,0
13.14,force,-0.2128,0.5,0.04478,10.409,10.0,0.0001,0.2,0
13.15,force,-0.2148,0.5,0.04478,10.383,10.0,0.0002,0.2,0
13.16,force,-0.2168,0.5,0.04478,10.412,10.0,0.0001,0.2,0
13.17,force,-0.2188,0.5,0.04478,10.46,10.0,0.0,0.2,0
13.18,force,-0.2208,0.5,0.04478,10.359,10.0,0.0003,0.2,0
13.19,force,-0.2228,0.5,0.04478,10.474,10.0,-0.0,0.2,0
13.2,force,-0.2248,0.5,0.04478,10.414,10.0,0.0001,0.2,0
13.21,force,-0.2268,0.5,0.04478,10.501,10.0,-0.0001,0.2,0
13.22,force,-0.2288,0.5,0.04478,10.321,10.0,0.0003,0.2,0
13.23,force,-0.2308,0.5,0.04478,10.408,10.0,0.0001,0.2,0
13.24,force,-0.2328,0.5,0.04477,10.365,10.0,0.0002,0.2,0
13.25,force,-0.2348,0.5,0.04477,10.413,10.0,0.0001,0.2,0
13.26,force,-0.2368,0.5,0.04477,10.468,10.0,-0.0001,0.2,0
13.27,force,-0.2388,0.5,0.04477,10.446,10.0,-0.0,0.2,0
13.28,force,-0.2408,0.5,0.04477,10.442,10.0,0.0,0.2,0
13.29,force,-0.2428,0.5,0.04477,10.447,10.0,-0.0,0.2,0
13.3,force,-0.2448,0.5,0.04477,10.464,10.0,-0.0001,0.2,0
13.31,force,-0.2468,0.5,0.04477,10.403,10.0,0.0001,0.2,0
13.32,force,-0.2488,0.5,0.04477,10.49,10.0,-0.0001,0.2,0
13.33,force,-0.2508,0.5,0.04478,10.485,10.0,-0.0001,0.2,0
13.34,force,-0.2528,0.5,0.04478,10.469,10.0,-0.0001,0.2,0
13.35,force,-0.2548,0.5,0.04478,10.475,10.0,-0.0001,0.2,0
13.36,force,-0.2568,0.5,0.04478,10.46,10.0,-0.0001,0.2,0
13.37,force,-0.2588,0.5,0.04478,10.545,10.0,-0.0003,0.2,0
13.38,force,-0.2608,0.5,0.04478,10.433,10.0,-0.0,0.2,0
13.39,force,-0.2628,0.5,0.04478,10.422,10.0,0.0,0.2,0
13.4,force,-0.2648,0.5,0.04478,10.399,10.0,0.0001,0.2,0
13.41,force,-0.2668,0.5,0.04478,10.387,10.0,0.0001,0.2,0
13.42,force,-0.2688,0.5,0.04478,10.378,10.0,0.0001,0.2,0
13.43,force,-0.2708,0.5,0.04478,10.397,10.0,0.0,0.2,0
13.44,force,-0.2728,0.5,0.04478,10.439,10.0,-0.0001,0.2,0
13.45,force,-0.2748,0.5,0.04478,10.458,10.0,-0.0001,0.2,0
13.46,force,-0.2768,0.5,0.04478,10.442,10.0,-0.0001,0.2,0
13.47,force,-0.2788,0.5,0.04478,10.399,10.0,0.0,0.2,0
13.48,force,-0.2808,0.5,0.04478,10.483,10.0,-0.0002,0.2,0
13.49,force,-0.2828,0.5,0.04478,10.471,10.0,-0.0002,0.2,0
13.5,force,-0.2848,0.5,0.04478,10.423,10.0,-0.0,0.2,0
13.51,force,-0.2868,0.5,0.04478,10.397,10.0,0.0,0.2,0
13.52,force,-0.2888,0.5,0.04479,10.458,10.0,-0.0001,0.2,0
13.53,force,-0.2908,0.5,0.04479,10.437,10.0,-0.0001,0.2,0
13.54,force,-0.2928,0.5,0.04479,10.353,10.0,0.0001,0.2,0
13.55,force,-0.2948,0.5,0.04479,10.424,10.0,-0.0001,0.2,0
13.56,force,-0.2968,0.5,0.04479,10.439,10.0,-0.0001,0.2,0
13.57,force,-0.2988,0.5,0.04479,10.379,10.0,0.0,0.2,0
13.58,force,-0.3008,0.5,0.04479,10.434,10.0,-0.0001,0.2,0
