time_s,x,y,z,surface,pitch_deg,yaw_deg,joint1,joint2,joint3,joint4,joint5,joint6
0.0,-0.24,0.44,0.1908,countertop,10.0,0.0,0.514876,2.436064,-2.076436,-0.09389,1.147431,-1.023826
0.1,-0.22,0.44,0.1908,countertop,5.0,0.0,0.471061,2.422319,-2.053562,-0.042783,1.210993,-1.085932
0.2,-0.2,0.44,0.1908,countertop,5.0,0.0,0.433527,2.381563,-1.973957,-0.039749,1.171513,-1.123257
0.3,-0.18,0.44,0.1908,countertop,5.0,0.0,0.394787,2.346675,-1.906437,-0.037198,1.138309,-1.161581
0.4,-0.16,0.44,0.1908,countertop,0.0,90.0,0.348734,2.346271,-1.907042,0.000198,1.218236,0.348538
0.5,-0.14,0.44,0.1908,countertop,0.0,90.0,0.308095,2.319909,-1.856393,-0.000217,1.195036,0.308317
0.6,-0.12,0.44,0.1908,countertop,0.0,90.0,0.2663,2.297241,-1.81313,-0.000245,1.174329,0.26655
0.7,-0.1,0.44,0.1908,countertop,0.0,90.0,0.223529,2.278417,-1.777405,-0.000268,1.157325,0.223801
0.8151,-0.07778,0.43401,0.1908,countertop,0.0,0.0,0.177335,2.239932,-1.704946,-2e-05,1.122981,-1.393441
0.8982,-0.06603,0.42226,0.1908,countertop,0.0,0.0,0.155154,2.192263,-1.616341,-0.000185,1.082742,-1.415456
0.9813,-0.05253,0.41256,0.1908,countertop,0.0,0.0,0.126689,2.153369,-1.545034,-0.000276,1.050147,-1.443832
1.0644,-0.03763,0.40519,0.1908,countertop,0.0,0.0,0.092669,2.123996,-1.491806,-0.000366,1.026141,-1.477763
1.1475,-0.02173,0.40034,0.1908,countertop,0.0,0.0,0.054312,2.104683,-1.457118,-0.000441,1.010634,-1.516046
1.2306,-0.00525,0.39814,0.1908,countertop,0.0,0.0,0.013295,2.095886,-1.4414,-0.000487,1.003594,-1.557018
1.3137,0.01136,0.39863,0.1908,countertop,0.0,0.0,-0.02839,2.097836,-1.444878,-0.000491,1.005009,-1.598698
1.3968,0.02767,0.40183,0.1908,countertop,0.0,0.0,-0.068666,2.110475,-1.467494,-0.000454,1.014869,-1.639012
1.4799,0.04325,0.40762,0.1908,countertop,0.0,0.0,-0.10563,2.133472,-1.508916,-0.000383,1.033169,-1.676045
1.563,0.05768,0.41587,0.1908,countertop,0.0,0.0,-0.137755,2.166313,-1.56866,-0.000294,1.059927,-1.708258
1.6462,0.07058,0.42636,0.1908,countertop,0.0,0.0,-0.164004,2.208454,-1.64629,-0.000204,1.095235,-1.734596
1.729,0.08,0.44,0.1908,countertop,0.0,90.0,-0.179857,2.263124,-1.748515,3.5e-05,1.143344,-0.179889
1.829,0.1,0.44,0.1908,countertop,0.0,90.0,-0.223424,2.278202,-1.776996,-0.000264,1.156513,-0.223157
1.929,0.12,0.44,0.1908,countertop,0.0,90.0,-0.266203,2.29695,-1.812576,-0.000244,1.173255,-0.265956
2.029,0.14,0.44,0.1908,countertop,0.0,90.0,-0.308009,2.319525,-1.855658,-0.000219,1.193652,-0.307787
2.129,0.16,0.44,0.1908,countertop,0.0,90.0,-0.348732,2.346244,-1.906976,-0.000191,1.218105,-0.348537
2.229,0.18,0.44,0.1908,countertop,5.0,0.0,-0.394731,2.34633,-1.905743,0.036926,1.137031,-1.979687
2.329,0.2,0.44,0.1908,countertop,5.0,0.0,-0.43352,2.381515,-1.973861,0.03975,1.171346,-2.018327
2.429,0.22,0.44,0.1908,countertop,5.0,0.0,-0.470963,2.422613,-2.05416,0.042251,1.211953,-2.055062
2.529,0.24,0.44,0.1908,countertop,10.0,30.0,-0.514895,2.436201,-2.076718,0.094019,1.147872,-1.594295
2.529,0.24,0.44,0.1908,countertop,10.0,30.0,-0.514895,2.436201,-2.076718,0.094019,1.147872,-1.594295
3.2643,0.36,0.355,0.1908,countertop,10.0,30.0,-0.815138,2.474281,-2.15205,0.135033,1.218236,-1.901523
3.3643,0.34,0.355,0.1908,countertop,10.0,30.0,-0.786587,2.401759,-2.009126,0.1354,1.145082,-1.882348
3.4643,0.32,0.355,0.1908,countertop,5.0,30.0,-0.744972,2.363677,-1.939242,0.06494,1.170232,-1.816037
3.5643,0.3,0.355,0.1908,countertop,0.0,90.0,-0.701653,2.332118,-1.879805,0.000155,1.205433,-0.701803
3.6643,0.28,0.355,0.1908,countertop,0.0,90.0,-0.667871,2.282122,-1.784427,0.000227,1.161239,-0.668099
3.7643,0.26,0.355,0.1908,countertop,0.0,90.0,-0.632186,2.236919,-1.699312,0.000278,1.12112,-0.632463
3.8643,0.24,0.355,0.1908,countertop,0.0,90.0,-0.594534,2.196128,-1.623476,0.000334,1.08592,-0.594867
3.9643,0.22,0.355,0.1908,countertop,0.0,90.0,-0.554863,2.159177,-1.555622,0.000397,1.054905,-0.555258
4.0643,0.2,0.355,0.1908,countertop,0.0,90.0,-0.513143,2.125706,-1.49489,0.000466,1.02756,-0.513605
4.1643,0.18,0.355,0.1908,countertop,0.0,90.0,-0.469366,2.095496,-1.440706,0.00054,1.003518,-0.469901
4.2643,0.16,0.355,0.1908,countertop,0.0,90.0,-0.423555,2.068425,-1.392684,0.000617,0.982511,-0.424166
4.3643,0.14,0.355,0.1908,countertop,0.0,90.0,-0.375773,2.044437,-1.350571,0.000695,0.964339,-0.376461
4.4643,0.12,0.355,0.1908,countertop,0.0,90.0,-0.326119,2.023522,-1.314205,0.000773,0.948847,-0.326884
4.5643,0.1,0.355,0.1908,countertop,0.0,90.0,-0.27474,2.005703,-1.283492,0.000847,0.935915,-0.275578
4.6643,0.08,0.355,0.1908,countertop,0.0,90.0,-0.221829,1.991023,-1.258379,0.000915,0.925449,-0.222734
4.7643,0.06,0.355,0.1908,countertop,0.0,90.0,-0.167624,1.979531,-1.238845,0.000972,0.917375,-0.168585
4.8643,0.04,0.355,0.1908,countertop,0.0,90.0,-0.112405,1.971279,-1.224884,0.001017,0.911639,-0.11341
5.2643,-0.04,0.355,0.1908,countertop,0.0,90.0,0.112153,1.971263,-1.224857,0.000258,0.911571,0.1119
5.3643,-0.06,0.355,0.1908,countertop,0.0,90.0,0.167239,1.979489,-1.238773,0.00097,0.91719,0.16628
5.4643,-0.08,0.355,0.1908,countertop,0.0,90.0,0.221464,1.990964,-1.258279,0.00094,0.925193,0.220534
5.5643,-0.1,0.355,0.1908,countertop,0.0,90.0,0.274403,2.005628,-1.283362,0.000876,0.935584,0.273537
5.6643,-0.12,0.355,0.1908,countertop,0.0,90.0,0.325813,2.023427,-1.314041,0.000803,0.948434,0.325019
5.7643,-0.14,0.355,0.1908,countertop,0.0,90.0,0.3755,2.04432,-1.350366,0.000724,0.963832,0.374784
5.8643,-0.16,0.355,0.1908,countertop,0.0,90.0,0.423316,2.068282,-1.392431,0.000643,0.981896,0.42268
5.9643,-0.18,0.355,0.1908,countertop,0.0,90.0,0.469159,2.095321,-1.440393,0.000563,1.002773,0.468602
6.0643,-0.2,0.355,0.1908,countertop,0.0,90.0,0.512967,2.12549,-1.494501,0.000485,1.026656,0.512487
6.1643,-0.22,0.355,0.1908,countertop,0.0,90.0,0.554716,2.158907,-1.55513,0.000411,1.053798,0.554309
6.2643,-0.24,0.355,0.1908,countertop,0.0,90.0,0.594412,2.195785,-1.622841,0.000344,1.084541,0.594072
6.3643,-0.26,0.355,0.1908,countertop,0.0,90.0,0.632087,2.236468,-1.698466,0.000282,1.11936,0.631807
6.4643,-0.28,0.355,0.1908,countertop,0.0,90.0,0.667793,2.281509,-1.783263,0.000227,1.158939,0.667567
6.5643,-0.3,0.355,0.1908,countertop,0.0,90.0,0.701626,2.332196,-1.879949,1.4e-05,1.205699,0.701613
6.6643,-0.32,0.355,0.1908,countertop,5.0,0.0,0.744899,2.363378,-1.938668,-0.064474,1.169222,-0.802457
6.7643,-0.34,0.355,0.1908,countertop,10.0,0.0,0.786453,2.401573,-2.008782,-0.134609,1.144442,-0.736499
6.8643,-0.36,0.355,0.1908,countertop,10.0,0.0,0.815151,2.474261,-2.152005,-0.135077,1.218173,-0.716412
7.334,-0.4,0.27,0.1908,countertop,5.0,0.0,0.990795,2.391113,-1.992537,-0.077885,1.212605,-0.554412
7.434,-0.38,0.27,0.1908,countertop,0.0,90.0,0.953008,2.337813,-1.890752,0.000183,1.210666,0.952827
7.534,-0.36,0.27,0.1908,countertop,0.0,90.0,0.927298,2.273668,-1.768418,1e-06,1.152803,0.927299
7.634,-0.34,0.27,0.1908,countertop,0.0,90.0,0.899695,2.215982,-1.660272,-0.000215,1.103158,0.899911
7.734,-0.32,0.27,0.1908,countertop,0.0,90.0,0.869997,2.162738,-1.562128,-0.00028,1.058075,0.870278
7.834,-0.3,0.27,0.1908,countertop,0.0,90.0,0.838052,2.113341,-1.47264,-0.000357,1.017849,0.838408
7.934,-0.28,0.27,0.1908,countertop,0.0,90.0,0.803667,2.067185,-1.390497,-0.00045,0.981764,0.804114
8.034,-0.26,0.27,0.1908,countertop,0.0,90.0,0.766644,2.023882,-1.314829,-0.00056,0.949324,0.7672
8.134,-0.24,0.27,0.1908,countertop,0.0,90.0,0.726782,1.983194,-1.24506,-0.000688,0.920181,0.727464
8.234,-0.22,0.27,0.1908,countertop,0.0,90.0,0.683881,1.944997,-1.180818,-0.000837,0.894085,0.68471
8.334,-0.2,0.27,0.1908,countertop,0.0,90.0,0.637759,1.909255,-1.121883,-0.001006,0.870847,0.638754
8.434,-0.18,0.27,0.1908,countertop,0.0,90.0,0.588022,1.875958,-1.068069,-7.7e-05,0.850115,0.588098
8.534,-0.16,0.27,0.1908,countertop,0.0,90.0,0.534978,1.845314,-1.019528,-9.2e-05,0.832218,0.535068
8.634,-0.14,0.27,0.1908,countertop,0.0,90.0,0.47838,1.817424,-0.976215,-0.000112,0.816793,0.47849
8.734,-0.12,0.27,0.1908,countertop,0.0,90.0,0.418257,1.792497,-0.938232,-0.000132,0.803736,0.418387
8.834,-0.1,0.27,0.1908,countertop,0.0,90.0,0.354743,1.770774,-0.905715,-0.000153,0.79294,0.354894
8.934,-0.08,0.27,0.1908,countertop,0.0,90.0,0.288098,1.752514,-0.878816,-0.000173,0.784301,0.288268
9.034,-0.06,0.27,0.1908,countertop,0.0,90.0,0.218716,1.737977,-0.857694,-0.000191,0.777714,0.218904
9.134,-0.04,0.27,0.1908,countertop,0.0,90.0,0.147129,1.727399,-0.84249,-0.000205,0.773087,0.147331
9.234,-0.02,0.27,0.1908,countertop,0.0,90.0,0.073992,1.72097,-0.833318,-0.000215,0.770343,0.074204
9.334,0.0,0.27,0.1908,countertop,0.0,90.0,5.5e-05,1.718813,-0.830252,-0.000219,0.769434,0.00027
9.434,0.02,0.27,0.1908,countertop,0.0,90.0,-0.073885,1.72097,-0.833318,-0.000218,0.770342,-0.073671
9.534,0.04,0.27,0.1908,countertop,0.0,90.0,-0.147026,1.727399,-0.842489,-0.000211,0.773084,-0.146819
9.634,0.06,0.27,0.1908,countertop,0.0,90.0,-0.21862,1.737977,-0.857693,-0.000198,0.77771,-0.218425
9.734,0.08,0.27,0.1908,countertop,0.0,90.0,-0.288011,1.752513,-0.878815,-0.000182,0.784295,-0.287832
9.834,0.1,0.27,0.1908,countertop,0.0,90.0,-0.354666,1.770772,-0.905712,-0.000162,0.792933,-0.354506
9.934,0.12,0.27,0.1908,countertop,0.0,90.0,-0.41819,1.792495,-0.938229,-0.000141,0.803727,-0.418051
10.034,0.14,0.27,0.1908,countertop,0.0,90.0,-0.478323,1.817422,-0.976212,-0.00012,0.816783,-0.478205
10.134,0.16,0.27,0.1908,countertop,0.0,90.0,-0.534931,1.845311,-1.019523,-9.9e-05,0.832206,-0.534833
10.234,0.18,0.27,0.1908,countertop,0.0,90.0,-0.587983,1.875955,-1.068063,-8e-05,0.850101,-0.587903
10.334,0.2,0.27,0.1908,countertop,0.0,90.0,-0.637324,1.909132,-1.121682,-0.001057,0.870305,-0.636279
10.434,0.22,0.27,0.1908,countertop,0.0,90.0,-0.683517,1.944852,-1.180576,-0.000916,0.893444,-0.682612
10.534,0.24,0.27,0.1908,countertop,0.0,90.0,-0.726486,1.983023,-1.244768,-0.000752,0.919427,-0.725742
10.634,0.26,0.27,0.1908,countertop,0.0,90.0,-0.766407,2.023677,-1.314474,-0.000609,0.94843,-0.765805
10.734,0.28,0.27,0.1908,countertop,0.0,90.0,-0.803479,2.066936,-1.390058,-0.000486,0.980694,-0.802997
10.834,0.3,0.27,0.1908,countertop,0.0,90.0,-0.837903,2.113032,-1.472084,-0.000382,1.016544,-0.837524
10.934,0.32,0.27,0.1908,countertop,0.0,90.0,-0.869881,2.162341,-1.561401,-0.000296,1.056444,-0.869587
11.034,0.34,0.27,0.1908,countertop,0.0,90.0,-0.899606,2.215454,-1.659288,-0.000224,1.101064,-0.899382
11.134,0.36,0.27,0.1908,countertop,0.0,90.0,-0.927292,2.273633,-1.768353,1e-06,1.152674,-0.927292
11.234,0.38,0.27,0.1908,countertop,0.0,90.0,-0.953038,2.337893,-1.890898,3e-06,1.210935,-0.95304
11.334,0.4,0.27,0.1908,countertop,5.0,30.0,-0.990765,2.390899,-1.992123,0.077777,1.211907,-2.063454
11.7706,0.42,0.185,0.1908,countertop,0.0,90.0,-1.155921,2.308408,-1.834412,0.000176,1.183912,-1.156093
11.8706,0.4,0.185,0.1908,countertop,0.0,90.0,-1.137596,2.239169,-1.703518,1.4e-05,1.122397,-1.137609
11.9706,0.38,0.185,0.1908,countertop,0.0,90.0,-1.117763,2.176095,-1.586591,0.000191,1.069341,-1.117953
12.0706,0.36,0.185,0.1908,countertop,0.0,90.0,-1.096144,2.11705,-1.479306,0.000254,1.020928,-1.096396
12.1706,0.34,0.185,0.1908,countertop,0.0,90.0,-1.072541,2.061327,-1.38018,0.00033,0.9774,-1.072867
12.2706,0.32,0.185,0.1908,countertop,0.0,90.0,-1.046697,2.008227,-1.287827,0.000426,0.938055,-1.047119
12.3706,0.3,0.185,0.1908,countertop,0.0,90.0,-1.018318,1.957264,-1.20131,0.000547,0.90243,-1.01886
12.4706,0.28,0.185,0.1908,countertop,0.0,90.0,-0.987066,1.908095,-1.119991,0.000698,0.87022,-0.987757
12.5706,0.26,0.185,0.1908,countertop,0.0,90.0,-0.952552,1.860486,-1.043443,0.000885,0.841232,-0.953427
12.6706,0.24,0.185,0.1908,countertop,0.0,90.0,-0.914333,1.814291,-0.971405,0.001115,0.815347,-0.915435
12.7706,0.22,0.185,0.1908,countertop,0.0,90.0,-0.871629,1.769397,-0.903671,0.000124,0.79228,-0.871752
12.8706,0.2,0.185,0.1908,countertop,0.0,90.0,-0.824372,1.725934,-0.840394,0.000153,0.772464,-0.824523
12.9706,0.18,0.185,0.1908,countertop,0.0,90.0,-0.771744,1.68396,-0.781565,0.000193,0.755607,-0.771935
13.0706,0.16,0.185,0.1908,countertop,0.0,90.0,-0.713119,1.643702,-0.727367,0.000241,0.741664,-0.713357
13.1706,0.14,0.185,0.1908,countertop,0.0,90.0,-0.647886,1.605517,-0.678066,0.000297,0.730547,-0.648179
13.2706,0.12,0.185,0.1908,countertop,0.0,90.0,-0.57552,1.569904,-0.634009,0.000359,0.7221,-0.575873
13.3706,0.1,0.185,0.1908,countertop,0.0,90.0,-0.49567,1.537521,-0.595605,0.000425,0.716076,-0.496088
13.4706,0.08,0.185,0.1908,countertop,0.0,90.0,-0.408292,1.509166,-0.563303,0.000493,0.712126,-0.408776
13.5706,0.06,0.185,0.1908,countertop,0.0,90.0,-0.313788,1.485741,-0.537564,0.000557,0.709807,-0.314335
13.6706,0.04,0.185,0.1908,countertop,0.0,90.0,-0.213128,1.468163,-0.518815,0.000612,0.708634,-0.213728
13.7706,0.02,0.185,0.1908,countertop,0.0,90.0,-0.107896,1.457239,-0.50741,0.000652,0.70815,-0.108535
13.8706,0.0,0.185,0.1908,countertop,0.0,90.0,-0.000213,1.45353,-0.503582,0.000672,0.708029,-0.000872
13.9706,-0.02,0.185,0.1908,countertop,0.0,90.0,0.107479,1.457238,-0.50741,0.000669,0.708149,0.106823
14.0706,-0.04,0.185,0.1908,countertop,0.0,90.0,0.212739,1.468162,-0.518815,0.000643,0.708631,0.212108
14.1706,-0.06,0.185,0.1908,countertop,0.0,90.0,0.31344,1.48574,-0.537563,0.000598,0.709803,0.312853
14.2706,-0.08,0.185,0.1908,countertop,0.0,90.0,0.407992,1.509164,-0.563302,0.000538,0.71212,0.407463
14.3706,-0.1,0.185,0.1908,countertop,0.0,90.0,0.49542,1.537519,-0.595603,0.00047,0.71607,0.494957
14.4706,-0.12,0.185,0.1908,countertop,0.0,90.0,0.575318,1.569902,-0.634007,0.000401,0.722093,0.574923
14.5706,-0.14,0.185,0.1908,countertop,0.0,90.0,0.647727,1.605515,-0.678064,0.000333,0.730539,0.647398
14.6706,-0.16,0.185,0.1908,countertop,0.0,90.0,0.712995,1.6437,-0.727364,0.000272,0.741655,0.712727
14.7706,-0.18,0.185,0.1908,countertop,0.0,90.0,0.77165,1.683957,-0.781562,0.000217,0.755596,0.771436
14.8706,-0.2,0.185,0.1908,countertop,0.0,90.0,0.824302,1.725931,-0.840389,0.000172,0.772451,0.824133
14.9706,-0.22,0.185,0.1908,countertop,0.0,90.0,0.871576,1.769393,-0.903666,0.000134,0.792265,0.871444
15.0706,-0.24,0.185,0.1908,countertop,0.0,90.0,0.913829,1.814163,-0.97121,0.001213,0.814791,0.912631
15.1706,-0.26,0.185,0.1908,countertop,0.0,90.0,0.952153,1.860338,-1.043209,0.001012,0.840582,0.951154
15.2706,-0.28,0.185,0.1908,countertop,0.0,90.0,0.986762,1.907924,-1.11971,0.000794,0.869461,0.985978
15.3706,-0.3,0.185,0.1908,countertop,0.0,90.0,1.018088,1.957062,-1.200971,0.000616,0.901538,1.01748
15.4706,-0.32,0.185,0.1908,countertop,0.0,90.0,1.046524,2.007985,-1.287411,0.000474,0.936996,1.046056
15.5706,-0.34,0.185,0.1908,countertop,0.0,90.0,1.072411,2.06103,-1.379657,0.000362,0.97612,1.072054
15.6706,-0.36,0.185,0.1908,countertop,0.0,90.0,1.096049,2.116674,-1.478629,0.000273,1.019345,1.095779
15.7706,-0.38,0.185,0.1908,countertop,0.0,90.0,1.117694,2.175601,-1.585682,0.000204,1.067326,1.117492
15.8706,-0.4,0.185,0.1908,countertop,0.0,90.0,1.137597,2.239139,-1.703461,1.4e-05,1.12228,1.137584
15.9706,-0.42,0.185,0.1908,countertop,0.0,90.0,1.155891,2.308418,-1.834428,1.2e-05,1.183947,1.155882
16.0706,-0.44,0.185,0.1908,countertop,5.0,0.0,1.188236,2.373149,-1.957598,-0.086646,1.21049,-0.353219
16.5072,-0.46,0.1,0.1908,countertop,5.0,0.0,1.373257,2.350874,-1.914485,-0.091565,1.205861,-0.165542
16.6072,-0.44,0.1,0.1908,countertop,0.0,90.0,1.34727,2.278208,-1.777017,0.000263,1.156549,1.347011
16.7072,-0.42,0.1,0.1908,countertop,0.0,90.0,1.337055,2.207189,-1.643941,4e-06,1.094796,1.337052
16.8072,-0.4,0.1,0.1908,countertop,0.0,90.0,1.325841,2.141636,-1.52371,-0.000108,1.040872,1.325949
16.9072,-0.38,0.1,0.1908,countertop,0.0,90.0,1.313504,2.079585,-1.412422,-0.000149,0.991479,1.313653
17.0072,-0.36,0.1,0.1908,countertop,0.0,90.0,1.299892,2.02029,-1.308618,-0.000202,0.946857,1.300093
17.1072,-0.34,0.1,0.1908,countertop,0.0,90.0,1.284802,1.962999,-1.210937,-0.000272,0.906383,1.285071
17.2072,-0.32,0.1,0.1908,countertop,0.0,90.0,1.267988,1.907137,-1.118428,-0.000362,0.86967,1.268346
17.3072,-0.3,0.1,0.1908,countertop,0.0,90.0,1.24915,1.852239,-1.030415,-0.000479,0.836501,1.249623
17.4072,-0.28,0.1,0.1908,countertop,0.0,90.0,1.227913,1.797907,-0.946417,-0.00063,0.80679,1.228535
17.5072,-0.26,0.1,0.1908,countertop,0.0,90.0,1.203814,1.743788,-0.866108,-0.000825,0.780558,1.204628
17.6072,-0.24,0.1,0.1908,countertop,0.0,90.0,1.176265,1.689561,-0.789284,-0.001076,0.757924,1.177326
17.7072,-0.22,0.1,0.1908,countertop,0.0,90.0,1.144203,1.634883,-0.715794,-0.000124,0.738915,1.144325
17.8072,-0.2,0.1,0.1908,countertop,0.0,90.0,1.107195,1.57958,-0.645792,-0.000162,0.724214,1.107354
17.9072,-0.18,0.1,0.1908,countertop,0.0,90.0,1.063765,1.523379,-0.579337,-0.00022,0.713959,1.06398
18.0072,-0.16,0.1,0.1908,countertop,0.0,90.0,1.012293,1.466141,-0.516689,-0.000295,0.708545,1.012581
18.1072,-0.14,0.1,0.1908,countertop,0.0,90.0,0.950684,1.407897,-0.458249,-0.00039,0.708346,0.951064
18.2072,-0.12,0.1,0.1908,countertop,0.0,90.0,0.876256,1.348976,-0.404585,-0.00051,0.713597,0.876751
18.3072,-0.1,0.1,0.1908,countertop,0.0,90.0,0.785685,1.290229,-0.35644,-0.000662,0.72419,0.786323
18.4072,-0.08,0.1,0.1908,countertop,0.0,90.0,0.675154,1.233344,-0.31474,-0.000852,0.739361,0.67597
18.5072,-0.06,0.1,0.1908,countertop,0.0,90.0,0.541008,1.181206,-0.280562,-0.001084,0.757299,0.542036
18.6072,-0.04,0.1,0.1908,countertop,0.0,90.0,0.38054,1.138096,-0.255048,-5.1e-05,0.77495,0.380587
18.7072,-0.02,0.1,0.1908,countertop,0.0,90.0,0.197438,1.109122,-0.239233,-6.3e-05,0.788108,0.197496
18.8072,0.0,0.1,0.1908,countertop,0.0,90.0,4.9e-05,1.098845,-0.23387,-7e-05,0.793021,0.000113
18.9072,0.02,0.1,0.1908,countertop,0.0,90.0,-0.197349,1.109122,-0.239233,-6.9e-05,0.788108,-0.197285
19.0072,0.04,0.1,0.1908,countertop,0.0,90.0,-0.380468,1.138096,-0.255048,-6.1e-05,0.77495,-0.380412
19.1072,0.06,0.1,0.1908,countertop,0.0,90.0,-0.540391,1.181224,-0.280567,-4.8e-05,0.757341,-0.540346
19.2072,0.08,0.1,0.1908,countertop,0.0,90.0,-0.674231,1.233338,-0.314738,-0.00105,0.739346,-0.673226
19.3072,0.1,0.1,0.1908,countertop,0.0,90.0,-0.785037,1.290224,-0.356438,-0.000835,0.724178,-0.78423
19.4072,0.12,0.1,0.1908,countertop,0.0,90.0,-0.875809,1.348973,-0.404583,-0.000643,0.713588,-0.875184
19.5072,0.14,0.1,0.1908,countertop,0.0,90.0,-0.950375,1.407895,-0.458248,-0.000488,0.708338,-0.949899
19.6072,0.16,0.1,0.1908,countertop,0.0,90.0,-1.012079,1.466139,-0.516687,-0.000366,0.708538,-1.011721
19.7072,0.18,0.1,0.1908,countertop,0.0,90.0,-1.063616,1.523376,-0.579335,-0.000271,0.713951,-1.063351
19.8072,0.2,0.1,0.1908,countertop,0.0,90.0,-1.107092,1.579578,-0.645789,-0.000197,0.724205,-1.106899
19.9072,0.22,0.1,0.1908,countertop,0.0,90.0,-1.14413,1.63488,-0.71579,-0.000142,0.738904,-1.143991
20.0072,0.24,0.1,0.1908,countertop,0.0,90.0,-1.175706,1.68945,-0.78913,-0.001216,0.757465,-1.174507
20.1072,0.26,0.1,0.1908,countertop,0.0,90.0,-1.203388,1.743661,-0.865922,-0.000995,0.780017,-1.202406
20.2072,0.28,0.1,0.1908,countertop,0.0,90.0,-1.2276,1.797761,-0.946196,-0.000754,0.806159,-1.226856
20.3072,0.3,0.1,0.1908,countertop,0.0,90.0,-1.24892,1.852071,-1.03015,-0.000565,0.835765,-1.248362
20.4072,0.32,0.1,0.1908,countertop,0.0,90.0,-1.26782,1.906942,-1.11811,-0.000421,0.868807,-1.267403
20.5072,0.34,0.1,0.1908,countertop,0.0,90.0,-1.284678,1.962768,-1.210548,-0.000312,0.905363,-1.284369
20.6072,0.36,0.1,0.1908,countertop,0.0,90.0,-1.2998,2.02001,-1.308133,-0.000229,0.945634,-1.299574
20.7072,0.38,0.1,0.1908,countertop,0.0,90.0,-1.313437,2.079235,-1.4118,-0.000166,0.989979,-1.313272
20.8072,0.4,0.1,0.1908,countertop,0.0,90.0,-1.325791,2.141182,-1.522886,-0.000118,1.038985,-1.325674
20.9072,0.42,0.1,0.1908,countertop,0.0,90.0,-1.337034,2.206876,-1.643369,-8.2e-05,1.093576,-1.336951
21.0072,0.44,0.1,0.1908,countertop,0.0,90.0,-1.347318,2.27828,-1.777144,5e-06,1.156807,-1.347322
21.4438,0.46,0.015,0.1908,countertop,0.0,90.0,-1.53819,2.313659,-1.844437,-3.2e-05,1.188734,-1.538157
21.5438,0.44,0.015,0.1908,countertop,0.0,90.0,-1.536717,2.237523,-1.700436,9e-06,1.120967,-1.536724
21.6438,0.42,0.015,0.1908,countertop,0.0,90.0,-1.535099,2.168104,-1.571945,2.4e-05,1.062754,-1.535121
21.7438,0.4,0.015,0.1908,countertop,0.0,90.0,-1.533317,2.102764,-1.453689,3e-05,1.009647,-1.533345
21.8438,0.38,0.015,0.1908,countertop,0.0,90.0,-1.531347,2.04053,-1.343756,3.8e-05,0.961811,-1.531384
21.9438,0.36,0.015,0.1908,countertop,0.0,90.0,-1.52916,1.980466,-1.240431,4.8e-05,0.918453,-1.529207
22.0438,0.34,0.015,0.1908,countertop,0.0,90.0,-1.526717,1.921855,-1.142525,6.1e-05,0.879084,-1.526777
22.1438,0.32,0.015,0.1908,countertop,0.0,90.0,-1.523969,1.864106,-1.049182,7.9e-05,0.843433,-1.524047
22.2438,0.3,0.015,0.1908,countertop,0.0,90.0,-1.520857,1.806691,-0.959776,0.000102,0.811394,-1.520958
22.3438,0.28,0.015,0.1908,countertop,0.0,90.0,-1.517303,1.749108,-0.873845,0.000132,0.783005,-1.517433
22.4438,0.26,0.015,0.1908,countertop,0.0,90.0,-1.513206,1.690842,-0.791053,0.000171,0.758442,-1.513375
22.5438,0.24,0.015,0.1908,countertop,0.0,90.0,-1.508431,1.631335,-0.711171,0.000224,0.738035,-1.508652
22.6438,0.22,0.015,0.1908,countertop,0.0,90.0,-1.502796,1.569953,-0.634068,0.000292,0.722283,-1.503085
22.7438,0.2,0.015,0.1908,countertop,0.0,90.0,-1.496047,1.505942,-0.559709,0.000383,0.711905,-1.496424
22.8438,0.18,0.015,0.1908,countertop,0.0,90.0,-1.487818,1.438381,-0.488165,0.000505,0.707894,-1.488312
22.9438,0.16,0.015,0.1908,countertop,0.0,90.0,-1.477565,1.36612,-0.419636,0.00067,0.7116,-1.478218
23.0438,0.14,0.015,0.1908,countertop,0.0,90.0,-1.464445,1.287702,-0.354484,0.000901,0.724841,-1.465316
23.1438,0.12,0.015,0.1908,countertop,0.0,90.0,-1.447081,1.201299,-0.293285,0.001247,0.750022,-1.448269
24.1438,-0.08,0.015,0.1908,countertop,0.0,0.0,1.385745,0.99532,-0.186544,-0.000342,0.84919,-0.184747
24.2438,-0.1,0.015,0.1908,countertop,0.0,0.0,1.421693,1.104666,-0.236892,0.000336,0.79022,-0.149417
24.3438,-0.12,0.015,0.1908,countertop,0.0,90.0,1.446013,1.201254,-0.293266,0.000817,0.749923,1.445229
24.4438,-0.14,0.015,0.1908,countertop,0.0,90.0,1.463531,1.287657,-0.35445,0.001235,0.724731,1.462336
24.5438,-0.16,0.015,0.1908,countertop,0.0,90.0,1.476969,1.366064,-0.419586,0.000949,0.711443,1.476043
24.6438,-0.18,0.015,0.1908,countertop,0.0,90.0,1.487429,1.438314,-0.488097,0.000694,0.707682,1.486748
24.7438,-0.2,0.015,0.1908,countertop,0.0,90.0,1.495787,1.505863,-0.55962,0.000511,0.711631,1.495285
24.8438,-0.22,0.015,0.1908,countertop,0.0,90.0,1.502619,1.569861,-0.633956,0.000379,0.721941,1.502245
24.9438,-0.24,0.015,0.1908,countertop,0.0,90.0,1.508308,1.63123,-0.711034,0.000282,0.737619,1.508029
25.0438,-0.26,0.015,0.1908,countertop,0.0,90.0,1.513119,1.690722,-0.790886,0.000212,0.757948,1.51291
25.1438,-0.28,0.015,0.1908,countertop,0.0,90.0,1.517242,1.748971,-0.873644,0.000159,0.782422,1.517084
25.2438,-0.3,0.015,0.1908,countertop,0.0,90.0,1.520814,1.806534,-0.959536,0.00012,0.810712,1.520695
25.3438,-0.32,0.015,0.1908,countertop,0.0,90.0,1.523939,1.863925,-1.048893,9.1e-05,0.842634,1.523849
25.4438,-0.34,0.015,0.1908,countertop,0.0,90.0,1.526696,1.921643,-1.142174,7e-05,0.878144,1.526627
25.5438,-0.36,0.015,0.1908,countertop,0.0,90.0,1.529146,1.980212,-1.239999,5.3e-05,0.917334,1.529094
25.6438,-0.38,0.015,0.1908,countertop,0.0,90.0,1.531338,2.040218,-1.34321,4.1e-05,0.960456,1.531298
25.7438,-0.4,0.015,0.1908,countertop,0.0,90.0,1.533311,2.102367,-1.452977,3.2e-05,1.007961,1.53328
25.8438,-0.42,0.015,0.1908,countertop,0.0,90.0,1.535095,2.167575,-1.570975,2.5e-05,1.060588,1.535072
25.9438,-0.44,0.015,0.1908,countertop,0.0,90.0,1.53672,2.23749,-1.700375,9e-06,1.120839,1.536713
26.0438,-0.46,0.015,0.1908,countertop,0.0,90.0,1.538201,2.313648,-1.844417,8e-06,1.188697,1.538194
